{"episode_rewards": [312.2000000000001, 212.60000000000196, 212.60000000000196, 212.60000000000196, 212.60000000000196], "episode_lengths": [500, 500, 500, 500, 500], "coverage_ratio": [0.2775, 0.2775, 0.2775, 0.2775, 0.2775], "path_efficiency": [0.3008130081300813, 0.3008130081300813, 0.3008130081300813, 0.3008130081300813, 0.3008130081300813], "revisit_ratio": [0.0, 0.0, 0.0, 0.0, 0.0], "cleaning_time": []}