{"episode_rewards": [310.85000000000014, 211.10000000000196, 343.84999999999974, 240.40000000000126, 212.9000000000019, 212.60000000000196, 212.60000000000196, 212.60000000000196, 212.60000000000196, 212.60000000000196, 212.60000000000196, 212.60000000000196, 212.60000000000196, 212.60000000000196, 212.60000000000196, 212.60000000000196, 212.60000000000196, 212.60000000000196, 212.60000000000196, 212.60000000000196, 212.60000000000196, 212.60000000000196, 212.60000000000196, 212.60000000000196, 212.60000000000196, 212.60000000000196, 212.60000000000196, 157.1500000000019, 125.4000000000008, 212.15000000000197, 125.4000000000008, 125.4000000000008, 212.15000000000197, 212.60000000000196, 212.60000000000196, 212.60000000000196, 212.60000000000196, 212.60000000000196, 212.60000000000196, 212.60000000000196, 212.60000000000196, 212.60000000000196, 212.60000000000196, 181.10000000000161, 212.60000000000196, 212.60000000000196, 212.60000000000196, 212.60000000000196, 212.60000000000196, 181.10000000000161, 212.60000000000196, 212.60000000000196, 212.60000000000196, 212.60000000000196, 212.60000000000196, 212.60000000000196, 212.60000000000196, 212.60000000000196, 126.35000000000082, 170.60000000000173, 181.10000000000161, 181.10000000000161, 212.60000000000196, 212.60000000000196, 181.10000000000161, 202.60000000000156, 102.60000000000004, 207.60000000000178, 181.10000000000161, 207.60000000000178, 197.6000000000014, 212.60000000000196, 207.60000000000178, 212.60000000000196, 212.60000000000196, 212.60000000000196, 37.90000000000043, 212.60000000000196, 212.60000000000196, 212.60000000000196, 212.60000000000196, 212.60000000000196, 212.60000000000196, 212.60000000000196, 212.60000000000196, 212.60000000000196, 212.60000000000196, 212.60000000000196, 212.60000000000196, 212.60000000000196, 212.60000000000196, 212.60000000000196, 212.60000000000196, 212.60000000000196, 212.60000000000196, 212.60000000000196, 212.60000000000196, 212.60000000000196, 212.60000000000196, 212.60000000000196], "episode_lengths": [500, 500, 500, 500, 500, 500, 500, 500, 500, 500, 500, 500, 500, 500, 500, 500, 500, 500, 500, 500, 500, 500, 500, 500, 500, 500, 500, 500, 500, 500, 500, 500, 500, 500, 500, 500, 500, 500, 500, 500, 500, 500, 500, 500, 500, 500, 500, 500, 500, 500, 500, 500, 500, 500, 500, 500, 500, 500, 500, 500, 500, 500, 500, 500, 500, 500, 500, 500, 500, 500, 500, 500, 500, 500, 500, 500, 500, 500, 500, 500, 500, 500, 500, 500, 500, 500, 500, 500, 500, 500, 500, 500, 500, 500, 500, 500, 500, 500, 500, 500], "coverage_ratio": [0.27666666666666667, 0.27666666666666667, 0.3325, 0.31, 0.2775, 0.2775, 0.2775, 0.2775, 0.2775, 0.2775, 0.2775, 0.2775, 0.2775, 0.2775, 0.2775, 0.2775, 0.2775, 0.2775, 0.2775, 0.2775, 0.2775, 0.2775, 0.2775, 0.2775, 0.2775, 0.2775, 0.2775, 0.2775, 0.2775, 0.2775, 0.2775, 0.2775, 0.2775, 0.2775, 0.2775, 0.2775, 0.2775, 0.2775, 0.2775, 0.2775, 0.2775, 0.2775, 0.2775, 0.2525, 0.2775, 0.2775, 0.2775, 0.2775, 0.2775, 0.2525, 0.2775, 0.2775, 0.2775, 0.2775, 0.2775, 0.2775, 0.2775, 0.2775, 0.2775, 0.24416666666666667, 0.2525, 0.2525, 0.2775, 0.2775, 0.2525, 0.2775, 0.2775, 0.2775, 0.2525, 0.2775, 0.2775, 0.2775, 0.2775, 0.2775, 0.2775, 0.2775, 0.24416666666666667, 0.2775, 0.2775, 0.2775, 0.2775, 0.2775, 0.2775, 0.2775, 0.2775, 0.2775, 0.2775, 0.2775, 0.2775, 0.2775, 0.2775, 0.2775, 0.2775, 0.2775, 0.2775, 0.2775, 0.2775, 0.2775, 0.2775, 0.2775], "path_efficiency": [0.2999096657633243, 0.3008130081300813, 0.36675700090334235, 0.34236675700090335, 0.3008130081300813, 0.3008130081300813, 0.3008130081300813, 0.3008130081300813, 0.3008130081300813, 0.3008130081300813, 0.3008130081300813, 0.3008130081300813, 0.3008130081300813, 0.3008130081300813, 0.3008130081300813, 0.3008130081300813, 0.3008130081300813, 0.3008130081300813, 0.3008130081300813, 0.3008130081300813, 0.3008130081300813, 0.3008130081300813, 0.3008130081300813, 0.3008130081300813, 0.3008130081300813, 0.3008130081300813, 0.3008130081300813, 0.3017163504968383, 0.3080397470641373, 0.3017163504968383, 0.3080397470641373, 0.3080397470641373, 0.3017163504968383, 0.3008130081300813, 0.3008130081300813, 0.3008130081300813, 0.3008130081300813, 0.3008130081300813, 0.3008130081300813, 0.3008130081300813, 0.3008130081300813, 0.3008130081300813, 0.3008130081300813, 0.27371273712737126, 0.3008130081300813, 0.3008130081300813, 0.3008130081300813, 0.3008130081300813, 0.3008130081300813, 0.27371273712737126, 0.3008130081300813, 0.3008130081300813, 0.3008130081300813, 0.3008130081300813, 0.3008130081300813, 0.3008130081300813, 0.3008130081300813, 0.3008130081300813, 0.3080397470641373, 0.2646793134598013, 0.27371273712737126, 0.27371273712737126, 0.3008130081300813, 0.3008130081300813, 0.27371273712737126, 0.3008130081300813, 0.3008130081300813, 0.3008130081300813, 0.27371273712737126, 0.3008130081300813, 0.3008130081300813, 0.3008130081300813, 0.3008130081300813, 0.3008130081300813, 0.3008130081300813, 0.3008130081300813, 0.27009936766034326, 0.3008130081300813, 0.3008130081300813, 0.3008130081300813, 0.3008130081300813, 0.3008130081300813, 0.3008130081300813, 0.3008130081300813, 0.3008130081300813, 0.3008130081300813, 0.3008130081300813, 0.3008130081300813, 0.3008130081300813, 0.3008130081300813, 0.3008130081300813, 0.3008130081300813, 0.3008130081300813, 0.3008130081300813, 0.3008130081300813, 0.3008130081300813, 0.3008130081300813, 0.3008130081300813, 0.3008130081300813, 0.3008130081300813], "revisit_ratio": [0.0, 0.003003003003003003, 0.017241379310344827, 0.018469656992084433, 0.0, 0.0, 0.0, 0.0, 0.0, 0.0, 0.0, 0.0, 0.0, 0.0, 0.0, 0.0, 0.0, 0.0, 0.0, 0.0, 0.0, 0.0, 0.0, 0.0, 0.0, 0.0, 0.0, 0.0029940119760479044, 0.02346041055718475, 0.0029940119760479044, 0.02346041055718475, 0.02346041055718475, 0.0029940119760479044, 0.0, 0.0, 0.0, 0.0, 0.0, 0.0, 0.0, 0.0, 0.0, 0.0, 0.0, 0.0, 0.0, 0.0, 0.0, 0.0, 0.0, 0.0, 0.0, 0.0, 0.0, 0.0, 0.0, 0.0, 0.0, 0.02346041055718475, 0.0, 0.0, 0.0, 0.0, 0.0, 0.0, 0.0, 0.0, 0.0, 0.0, 0.0, 0.0, 0.0, 0.0, 0.0, 0.0, 0.0, 0.020066889632107024, 0.0, 0.0, 0.0, 0.0, 0.0, 0.0, 0.0, 0.0, 0.0, 0.0, 0.0, 0.0, 0.0, 0.0, 0.0, 0.0, 0.0, 0.0, 0.0, 0.0, 0.0, 0.0, 0.0], "cleaning_time": [], "losses": []}