{
    "coverage_rate": {
        "mean": 0.2764420847566915,
        "std": 0.14447843874922775
    },
    "redundancy_rate": {
        "mean": 2.6857329437104718,
        "std": 1.0390643912356095
    },
    "revisit_ratio": {
        "mean": 95.3869139316849,
        "std": 43.88339472523179
    },
    "episode_length": {
        "mean": 240.6,
        "std": 93.3672319392623
    },
    "episode_reward": {
        "mean": -14.825961182265496,
        "std": 31.430261037580276
    },
    "base_env_reward": {
        "mean": -57.70940000000004,
        "std": 38.24124494364686
    },
    "new_tile_bonus": {
        "mean": 7.170000000000002,
        "std": 3.912556708854203
    },
    "new_obs_bonus": {
        "mean": 5.569999999999999,
        "std": 2.4041838532025777
    },
    "facing_bonus": {
        "mean": 1.4699999999999995,
        "std": 1.0080178569846863
    },
    "stuck_penalty": {
        "mean": -57.62999999999981,
        "std": 21.901417762327416
    },
    "escape_bonus": {
        "mean": 0.3422772167870982,
        "std": 0.18782989129113015
    },
    "wall_face_penalty": {
        "mean": -3.3399999999999936,
        "std": 1.6696107330752137
    },
    "rotate_when_blocked": {
        "mean": 1.4599999999999995,
        "std": 1.9602040710089332
    },
    "spin_without_move_penalty": {
        "mean": -7.980000000000002,
        "std": 14.124361932490974
    }
}