{
    "coverage_rate": {
        "mean": 0.38199667997420805,
        "std": 0.11070452137839473
    },
    "redundancy_rate": {
        "mean": 4.482747389938401,
        "std": 1.5528899059182244
    },
    "revisit_ratio": {
        "mean": 50.38801258082663,
        "std": 27.47823168066231
    },
    "episode_length": {
        "mean": 402.3,
        "std": 139.1596565100676
    },
    "episode_reward": {
        "mean": 30.011406336452136,
        "std": 47.34864586786755
    },
    "base_env_reward": {
        "mean": -79.92729999999999,
        "std": 76.24542467984563
    },
    "new_tile_bonus": {
        "mean": 10.020000000000005,
        "std": 3.012573650551971
    },
    "new_obs_bonus": {
        "mean": 7.389999999999999,
        "std": 1.5247622765532989
    },
    "frontier_bonus": {
        "mean": 197.55,
        "std": 66.67775116183809
    },
    "facing_bonus": {
        "mean": 8.65,
        "std": 4.6343823752469975
    },
    "step_into_dirty_bonus": {
        "mean": 8.35,
        "std": 2.5104780421266386
    },
    "stuck_penalty": {
        "mean": -92.57999999999967,
        "std": 32.89406633421908
    },
    "escape_bonus": {
        "mean": 0.5187063364520361,
        "std": 0.25409587040795145
    },
    "wall_face_penalty": {
        "mean": -4.65999999999997,
        "std": 3.1601518950834824
    },
    "rotate_when_blocked": {
        "mean": 1.8799999999999994,
        "std": 1.8513778652668373
    },
    "spin_without_move_penalty": {
        "mean": -27.17999999999995,
        "std": 23.224805704246418
    }
}