{
    "learning_rate": 3.3360334290663435e-05,
    "buffer_size": 100000,
    "batch_size": 32,
    "exploration_fraction": 0.20687773399228307,
    "gamma": 0.9475319054682796
}