{
    "learning_rate": 6.314600105220122e-05,
    "ent_coef": 0.01210350424590023,
    "n_steps": 1024,
    "gamma": 0.9420509833840119,
    "clip_range": 0.21599637678226646
}