{
    "coverage_rate": {
        "mean": 0.5021809276865457,
        "std": 0.16924275797281557
    },
    "redundancy_rate": {
        "mean": 6.933522245544718,
        "std": 5.565848094087536
    },
    "revisit_ratio": {
        "mean": 35.01369970824555,
        "std": 19.16434278802517
    },
    "episode_length": {
        "mean": 623.0,
        "std": 500.90498100937265
    },
    "episode_reward": {
        "mean": 312.3094000000002,
        "std": 252.78832159267355
    },
    "base_env_reward": {
        "mean": 29.409400000000527,
        "std": 9.815305071163237
    },
    "new_tile_bonus": {
        "mean": 0.0,
        "std": 0.0
    },
    "new_obs_bonus": {
        "mean": 0.9099999999999999,
        "std": 0.13747727084867517
    },
    "frontier_bonus": {
        "mean": 311.5,
        "std": 250.45249050468632
    },
    "facing_bonus": {
        "mean": 32.54999999999983,
        "std": 20.145173119136537
    },
    "spin_penalty": {
        "mean": -20.67000000000009,
        "std": 14.751952413155484
    },
    "stuck_penalty": {
        "mean": -64.04999999999981,
        "std": 37.875935632007746
    },
    "escape_bonus": {
        "mean": 11.39999999999999,
        "std": 11.520069444235128
    },
    "wall_face_penalty": {
        "mean": -1.5999999999999983,
        "std": 1.4744490496453222
    },
    "rotate_when_blocked": {
        "mean": 12.85999999999998,
        "std": 4.69109795250536
    }
}