{"episode_rewards": [-113.45000000000046, -117.35000000000046, -117.35000000000046], "episode_lengths": [500, 500, 500], "coverage_ratio": [0.3888888888888889, 0.3888888888888889, 0.3888888888888889], "path_efficiency": [0.4827586206896552, 0.4827586206896552, 0.4827586206896552], "revisit_ratio": [1.3176245766935393e+18, 1.3176245766935393e+18, 1.3176245766935393e+18], "cleaning_time": []}