{"episode_rewards": [-257.09999999999667, -417.7499999999948, -642.4999999999987, -721.2500000000041, -504.59999999999536, -640.4999999999956, -730.1999999999965, -651.1999999999969, -929.0499999999945, -735.8999999999938, -766.9999999999917, -834.2499999999927, -971.7999999999938, -865.5999999999918, -724.5999999999929, -770.5999999999943, -596.6499999999941, -721.3999999999999, -525.1999999999972, -518.1999999999962, -651.399999999999, -521.1499999999969, -459.24999999999574, -742.8499999999987, -469.7999999999956, -481.64999999999617, -383.89999999999736, -640.3999999999997, -269.7999999999994, -538.2999999999943, -285.34999999999593, -400.14999999999475, -412.8999999999958, -330.8999999999958, -268.4999999999974, -583.1999999999979, -485.59999999999604, -436.4499999999968, -346.4999999999951, -780.1000000000003, -705.1500000000004, -637.7499999999947, -595.7499999999964, -430.3499999999946, -808.8999999999959, -625.5499999999934, -746.3500000000018, -585.1499999999928, -556.6499999999967, -686.8999999999929, -558.0999999999937, -673.2999999999945, -701.599999999994, -634.4499999999935, -283.64999999999594, -619.7999999999932, -596.6499999999953, -521.1499999999978, -570.3499999999932, -468.2499999999953, -642.3499999999983, -472.1499999999973, -380.9499999999954, -234.14999999999543, -439.5499999999962, -691.3000000000005, -453.0499999999972, -375.949999999996, -561.3499999999937, -360.49999999999534, -145.69999999999905, -239.74999999999756, -140.09999999999934, -395.4999999999953, -174.19999999999615, -279.5499999999951, -205.9499999999948, -203.69999999999843, -571.6999999999962, -436.79999999999643, -442.64999999999463, -565.6499999999938, -410.8499999999962, -556.0999999999951, -195.19999999999453, -249.44999999999519, -208.5999999999947, -122.50000000000045, -221.89999999999498, -291.24999999999574, -157.64999999999785, -183.79999999999782, -176.3999999999973, -139.5999999999995, -117.50000000000044, -119.25000000000045, -171.29999999999643, -210.09999999999897, -257.94999999999817, -127.80000000000041], "episode_lengths": [500, 500, 500, 500, 500, 500, 500, 500, 500, 500, 500, 500, 500, 500, 500, 500, 500, 500, 500, 500, 500, 500, 500, 500, 500, 500, 500, 500, 500, 500, 500, 500, 500, 500, 500, 500, 500, 500, 500, 500, 500, 500, 500, 500, 500, 500, 500, 500, 500, 500, 500, 500, 500, 500, 500, 500, 500, 500, 500, 500, 500, 500, 500, 500, 500, 500, 500, 500, 500, 500, 500, 500, 500, 500, 500, 500, 500, 500, 500, 500, 500, 500, 500, 500, 500, 500, 500, 500, 500, 500, 500, 500, 500, 500, 500, 500, 500, 500, 500, 500], "coverage_ratio": [0.05555555555555555, 0.1111111111111111, 0.6111111111111112, 0.3333333333333333, 0.6111111111111112, 0.6944444444444444, 0.7777777777777778, 0.6944444444444444, 0.5555555555555556, 0.3888888888888889, 0.5, 0.3333333333333333, 0.4444444444444444, 0.4722222222222222, 0.4166666666666667, 0.7777777777777778, 0.6944444444444444, 0.6944444444444444, 0.8055555555555556, 0.75, 0.75, 0.75, 0.75, 0.75, 0.75, 0.6944444444444444, 0.6944444444444444, 0.6666666666666666, 0.7222222222222222, 0.6666666666666666, 0.5833333333333334, 0.7777777777777778, 0.5833333333333334, 0.5833333333333334, 0.5555555555555556, 0.7222222222222222, 0.5833333333333334, 0.5833333333333334, 0.5833333333333334, 0.5833333333333334, 0.5833333333333334, 0.7222222222222222, 0.7222222222222222, 0.7222222222222222, 0.7777777777777778, 0.7222222222222222, 0.7222222222222222, 0.7222222222222222, 0.7777777777777778, 0.7222222222222222, 0.7222222222222222, 0.7222222222222222, 0.7222222222222222, 0.5, 0.4722222222222222, 0.6944444444444444, 0.7222222222222222, 0.7222222222222222, 0.6944444444444444, 0.7222222222222222, 0.7222222222222222, 0.75, 0.6666666666666666, 0.4722222222222222, 0.7222222222222222, 0.75, 0.7777777777777778, 0.5277777777777778, 0.5277777777777778, 0.5, 0.5, 0.5277777777777778, 0.4722222222222222, 0.75, 0.4722222222222222, 0.5833333333333334, 0.6111111111111112, 0.3611111111111111, 0.6944444444444444, 0.6944444444444444, 0.6666666666666666, 0.4166666666666667, 0.5, 0.5, 0.5, 0.4722222222222222, 0.4722222222222222, 0.4722222222222222, 0.4722222222222222, 0.4722222222222222, 0.4722222222222222, 0.4722222222222222, 0.6388888888888888, 0.4722222222222222, 0.4722222222222222, 0.3888888888888889, 0.4166666666666667, 0.6388888888888888, 0.3888888888888889, 0.6388888888888888], "path_efficiency": [0.10344827586206896, 0.2413793103448276, 1.793103448275862, 0.5862068965517241, 1.4482758620689655, 2.9655172413793105, 3.3793103448275863, 3.2758620689655173, 1.793103448275862, 0.5172413793103449, 0.7931034482758621, 0.5862068965517241, 1.3103448275862069, 0.8275862068965517, 0.7931034482758621, 2.206896551724138, 1.4137931034482758, 2.4482758620689653, 1.8620689655172413, 1.4827586206896552, 2.8275862068965516, 1.4137931034482758, 1.6206896551724137, 2.2413793103448274, 1.8620689655172413, 1.2413793103448276, 1.3793103448275863, 1.4137931034482758, 1.3793103448275863, 1.1379310344827587, 1.1724137931034482, 1.2413793103448276, 0.9655172413793104, 0.896551724137931, 0.7586206896551724, 1.3793103448275863, 1.1379310344827587, 1.0, 1.103448275862069, 1.6551724137931034, 1.3793103448275863, 2.3448275862068964, 2.1724137931034484, 1.2758620689655173, 2.2758620689655173, 1.3103448275862069, 1.6551724137931034, 1.6551724137931034, 2.5172413793103448, 1.6896551724137931, 1.0, 3.0344827586206895, 2.103448275862069, 0.6896551724137931, 0.6206896551724138, 1.0344827586206897, 1.5862068965517242, 1.4827586206896552, 1.103448275862069, 2.2758620689655173, 2.2758620689655173, 1.9310344827586208, 1.6551724137931034, 0.6206896551724138, 1.2413793103448276, 2.3448275862068964, 1.9310344827586208, 0.7241379310344828, 0.7586206896551724, 0.6551724137931034, 0.6551724137931034, 0.7241379310344828, 0.6206896551724138, 1.3448275862068966, 0.5862068965517241, 0.8275862068965517, 0.8620689655172413, 0.4482758620689655, 1.6896551724137931, 1.0344827586206897, 1.1724137931034482, 0.5172413793103449, 0.6551724137931034, 0.6551724137931034, 0.6551724137931034, 0.6206896551724138, 0.6206896551724138, 0.6206896551724138, 0.6206896551724138, 0.6206896551724138, 0.6206896551724138, 0.6206896551724138, 0.8620689655172413, 0.6206896551724138, 0.6206896551724138, 0.4827586206896552, 0.5172413793103449, 0.896551724137931, 0.4827586206896552, 0.896551724137931],