{
    "coverage_rate": {
        "mean": 0.35338519158743875,
        "std": 0.26677314631798066
    },
    "redundancy_rate": {
        "mean": 4.1051450796394615,
        "std": 2.6440157140305174
    },
    "revisit_ratio": {
        "mean": 90.59085922495683,
        "std": 74.83787092540067
    },
    "episode_length": {
        "mean": 369.1,
        "std": 238.5323667765027
    },
    "episode_reward": {
        "mean": 33.40070699571349,
        "std": 59.86664052615489
    },
    "base_env_reward": {
        "mean": -57.66860000000001,
        "std": 27.078761246408735
    },
    "new_tile_bonus": {
        "mean": 9.27000000000001,
        "std": 7.231742528602641
    },
    "new_obs_bonus": {
        "mean": 5.549999999999999,
        "std": 3.8985253622363407
    },
    "frontier_bonus": {
        "mean": 165.45,
        "std": 96.19133276964199
    },
    "facing_bonus": {
        "mean": 13.8,
        "std": 20.980586264449332
    },
    "step_into_dirty_bonus": {
        "mean": 7.725,
        "std": 6.02645210716886
    },
    "stuck_penalty": {
        "mean": -78.95999999999972,
        "std": 40.09796004786256
    },
    "escape_bonus": {
        "mean": 0.44630699571321336,
        "std": 0.39242527331751087
    },
    "wall_face_penalty": {
        "mean": -3.641999999999991,
        "std": 1.6018102259630924
    },
    "rotate_when_blocked": {
        "mean": 1.64,
        "std": 1.6883127672324227
    },
    "spin_without_move_penalty": {
        "mean": -30.20999999999986,
        "std": 38.745101625882775
    }
}