{
    "coverage_rate": {
        "mean": 0.25030616217469537,
        "std": 0.13076546869651154
    },
    "redundancy_rate": {
        "mean": 1.0513291049505291,
        "std": 0.5892321203632958
    },
    "revisit_ratio": {
        "mean": 280.2628105006843,
        "std": 153.9573047401849
    },
    "episode_length": {
        "mean": 389.6,
        "std": 219.5418866640259
    },
    "episode_reward": {
        "mean": -44.36572569588639,
        "std": 146.9392761276051
    },
    "base_env_reward": {
        "mean": 16.42780000000017,
        "std": 41.66891838001091
    },
    "new_tile_bonus": {
        "mean": 27.599999999999984,
        "std": 14.620807091265473
    },
    "new_obs_bonus": {
        "mean": 21.24000000000001,
        "std": 8.280966127210046
    },
    "frontier_bonus": {
        "mean": 174.9,
        "std": 76.19081309449322
    },
    "facing_bonus": {
        "mean": 8.65,
        "std": 5.607138307550474
    },
    "step_into_dirty_bonus": {
        "mean": 23.0,
        "std": 12.18400590938793
    },
    "stuck_penalty": {
        "mean": -296.75660000000005,
        "std": 49.598495797710974
    },
    "escape_bonus": {
        "mean": 0.7090076374471732,
        "std": 0.4048141048037635
    },
    "wall_face_penalty": {
        "mean": -3.0400000000000014,
        "std": 0.6708800190794166
    },
    "rotate_when_blocked": {
        "mean": 1.7800000000000005,
        "std": 1.243221621433605
    },
    "spin_without_move_penalty": {
        "mean": -18.875933333333336,
        "std": 19.869585183166535
    }
}