{
    "episode_length": {
        "mean": 2966.4,
        "std": 67.20000000000002
    },
    "episode_reward": {
        "mean": 2183.565199999997,
        "std": 6034.926279298092
    },
    "coverage_ratio": {
        "mean": 0.9894999999999999,
        "std": 0.01749285568453592
    },
    "revisit_ratio": {
        "mean": 0.6385246472641144,
        "std": 0.064265222274531
    },
    "redundancy_ratio": {
        "mean": 2.8155,
        "std": 0.4422454069857594
    }
}