{
    "raw_metrics": {
        "episode_rewards": [
            -75.04694366455078,
            -48.34457778930664,
            -47.217987060546875,
            -46.83056640625,
            -46.637935638427734,
            -46.523502349853516,
            -46.44789123535156,
            -46.39430236816406,
            -46.35455322265625,
            -46.323734283447266,
            -46.299137115478516,
            -46.279239654541016,
            -46.26267623901367,
            -46.24869918823242,
            -46.23677062988281,
            -46.22642135620117,
            -46.217464447021484,
            -46.20951843261719,
            -46.20250701904297,
            -46.19615173339844
        ],
        "episode_lengths": [
            3000.0,
            3000.0,
            3000.0,
            3000.0,
            3000.0,
            3000.0,
            3000.0,
            3000.0,
            3000.0,
            3000.0,
            3000.0,
            3000.0,
            3000.0,
            3000.0,
            3000.0,
            3000.0,
            3000.0,
            3000.0,
            3000.0,
            3000.0
        ],
        "coverage_ratio": [
            0.51,
            0.51,
            0.51,
            0.51,
            0.51,
            0.51,
            0.51,
            0.51,
            0.51,
            0.51,
            0.51,
            0.51,
            0.51,
            0.51,
            0.51,
            0.51,
            0.51,
            0.51,
            0.51,
            0.51
        ],
        "path_efficiency": [
            0.5175,
            0.5175,
            0.5175,
            0.5175,
            0.5175,
            0.5175,
            0.5175,
            0.5175,
            0.5175,
            0.5175,
            0.5175,
            0.5175,
            0.5175,
            0.5175,
            0.5175,
            0.5175,
            0.5175,
            0.5175,
            0.5175,
            0.5175
        ],
        "revisit_ratio": [
            0.014492753623188406,
            0.014492753623188406,
            0.014492753623188406,
            0.014492753623188406,
            0.014492753623188406,
            0.014492753623188406,
            0.014492753623188406,
            0.014492753623188406,
            0.014492753623188406,
            0.014492753623188406,
            0.014492753623188406,
            0.014492753623188406,
            0.014492753623188406,
            0.014492753623188406,
            0.014492753623188406,
            0.014492753623188406,
            0.014492753623188406,
            0.014492753623188406,
            0.014492753623188406,
            0.014492753623188406
        ],
        "cleaning_time": []
    },
    "summary_statistics": {
        "cleaning_time": {
            "mean": 0.0,
            "std": 0.0
        }
    }
}