{
    "episode_length": {
        "mean": 3000.0,
        "std": 0.0
    },
    "episode_reward": {
        "mean": -52606.48999999985,
        "std": 24892.14102171382
    },
    "coverage_ratio": {
        "mean": 0.3036916296350259,
        "std": 0.09275526182802277
    },
    "revisit_ratio": {
        "mean": 0.3427886237312828,
        "std": 0.07090119858033087
    },
    "redundancy_ratio": {
        "mean": 0.46077905877358105,
        "std": 0.12241570594553658
    }
}