{
    "learning_rate": 0.0005029240239038932,
    "ent_coef": 0.0005518110535196901,
    "n_steps": 128,
    "gamma": 0.9133607419845071,
    "clip_range": 0.10550182861724097
}