{
  "learning_rate": 6.824985807329999e-05,
  "ent_coef": 0.00021951988686333526,
  "n_steps": 256,
  "gamma": 0.9514334139544919
}