{
    "learning_rate": 3.983243649517773e-05,
    "ent_coef": 0.029751586010560875,
    "n_steps": 256,
    "gamma": 0.9384588477786211,
    "clip_range": 0.10232134785785828
}