{
    "learning_rate": 0.0006169151978562108,
    "ent_coef": 0.004030778944771839,
    "n_steps": 256,
    "gamma": 0.9284443493197032,
    "clip_range": 0.20632306069771222
}