{
    "coverage_rate": {
        "mean": 0.6379725773943669,
        "std": 0.051853001010716056
    },
    "redundancy_rate": {
        "mean": 7.994596443239169,
        "std": 0.17862423209826628
    },
    "revisit_ratio": {
        "mean": 14.964847944122132,
        "std": 1.7859638759674374
    },
    "episode_length": {
        "mean": 2966.6,
        "std": 66.8
    },
    "episode_reward": {
        "mean": 23.009600000000766,
        "std": 35.62798900078403
    }
}