{
    "coverage_rate": {
        "mean": 0.48911392984443564,
        "std": 0.17166934060354586
    },
    "redundancy_rate": {
        "mean": 7.215297247151827,
        "std": 1.103662951793219
    },
    "revisit_ratio": {
        "mean": 17.19292642073307,
        "std": 4.069524084457788
    },
    "episode_length": {
        "mean": 2671.0,
        "std": 405.4705907954361
    },
    "episode_reward": {
        "mean": -175.9372000000054,
        "std": 32.583760706219564
    }
}