{
    "episode_length": {
        "mean": 3000.0,
        "std": 0.0
    },
    "episode_reward": {
        "mean": -3200.725200000038,
        "std": 1247.0789135905509
    },
    "coverage_ratio": {
        "mean": 0.7387040280210158,
        "std": 0.07372093737772147
    },
    "revisit_ratio": {
        "mean": 0.42052910539067145,
        "std": 0.025748039799710156
    },
    "redundancy_ratio": {
        "mean": 1.2763572679509632,
        "std": 0.13504727928662533
    }
}