{
    "raw_metrics": {
        "episode_rewards": [
            -95.85848999023438,
            -52.55098342895508,
            -51.43090057373047,
            -51.0535774230957,
            -50.868282318115234,
            -50.759090423583984,
            -50.6875114440918,
            -50.63698959350586,
            -50.59953689575195,
            -50.570838928222656,
            -50.54792785644531,
            -50.52940368652344,
            -50.51395034790039,
            -50.50091552734375,
            -50.48991775512695,
            -50.48030471801758,
            -50.47209930419922,
            -50.46479797363281,
            -50.458255767822266,
            -50.4525260925293
        ],
        "episode_lengths": [
            3000.0,
            3000.0,
            3000.0,
            3000.0,
            3000.0,
            3000.0,
            3000.0,
            3000.0,
            3000.0,
            3000.0,
            3000.0,
            3000.0,
            3000.0,
            3000.0,
            3000.0,
            3000.0,
            3000.0,
            3000.0,
            3000.0,
            3000.0
        ],
        "coverage_ratio": [
            1.0,
            1.0,
            1.0,
            1.0,
            1.0,
            1.0,
            1.0,
            1.0,
            1.0,
            1.0,
            1.0,
            1.0,
            1.0,
            1.0,
            1.0,
            1.0,
            1.0,
            1.0,
            1.0,
            1.0
        ],
        "path_efficiency": [
            1.55,
            1.55,
            1.55,
            1.55,
            1.55,
            1.55,
            1.55,
            1.55,
            1.55,
            1.55,
            1.55,
            1.55,
            1.55,
            1.55,
            1.55,
            1.55,
            1.55,
            1.55,
            1.55,
            1.55
        ],
        "revisit_ratio": [
            0.3548387096774194,
            0.3548387096774194,
            0.3548387096774194,
            0.3548387096774194,
            0.3548387096774194,
            0.3548387096774194,
            0.3548387096774194,
            0.3548387096774194,
            0.3548387096774194,
            0.3548387096774194,
            0.3548387096774194,
            0.3548387096774194,
            0.3548387096774194,
            0.3548387096774194,
            0.3548387096774194,
            0.3548387096774194,
            0.3548387096774194,
            0.3548387096774194,
            0.3548387096774194,
            0.3548387096774194
        ],
        "cleaning_time": []
    },
    "summary_statistics": {
        "cleaning_time": {
            "mean": 0.0,
            "std": 0.0
        }
    }
}