{
    "coverage_rate": {
        "mean": 0.2121075801477506,
        "std": 0.09727193903124612
    },
    "redundancy_rate": {
        "mean": 1.105383108088525,
        "std": 0.6038601907899099
    },
    "revisit_ratio": {
        "mean": 254.34947829829633,
        "std": 114.67460999675507
    },
    "episode_length": {
        "mean": 409.1,
        "std": 223.2708892802642
    },
    "episode_reward": {
        "mean": 163.14665143686256,
        "std": 100.99918447612427
    },
    "base_env_reward": {
        "mean": -15.012999999999863,
        "std": 32.092657583939804
    },
    "new_tile_bonus": {
        "mean": 23.310000000000013,
        "std": 10.78670014415898
    },
    "new_obs_bonus": {
        "mean": 17.359999999999996,
        "std": 6.4906394138020085
    },
    "frontier_bonus": {
        "mean": 177.8,
        "std": 92.52680692642538
    },
    "facing_bonus": {
        "mean": 10.225,
        "std": 9.922480788593143
    },
    "step_into_dirty_bonus": {
        "mean": 19.425,
        "std": 8.988916786799175
    },
    "stuck_penalty": {
        "mean": -61.22999999999989,
        "std": 32.47476096909725
    },
    "escape_bonus": {
        "mean": 0.7196514368618027,
        "std": 0.37047623118712086
    },
    "wall_face_penalty": {
        "mean": -3.7799999999999914,
        "std": 1.8109224168914335
    },
    "rotate_when_blocked": {
        "mean": 1.7399999999999995,
        "std": 1.729855485293495
    },
    "spin_without_move_penalty": {
        "mean": -7.4100000000000055,
        "std": 14.017449839396617
    }
}