{
    "episode_length": {
        "mean": 2924.0,
        "std": 152.0
    },
    "episode_reward": {
        "mean": 92.89540000004317,
        "std": 7183.942515305312
    },
    "coverage_ratio": {
        "mean": 0.947593852355757,
        "std": 0.05036330834574023
    },
    "revisit_ratio": {
        "mean": 0.5995057061800702,
        "std": 0.04920558933107986
    },
    "redundancy_ratio": {
        "mean": 2.0810000000000004,
        "std": 0.4302429546198287
    }
}