{
  "episode": 1,
  "steps": 2126,
  "total_reward": -435.4899999999924,
  "action_distribution": {
    "forward": 0.2883349012229539,
    "left": 0.4167450611476952,
    "right": 0.2949200376293509
  },
  "coverage_ratio": 0.5135135135135135,
  "path_efficiency": 5.748648648648649,
  "revisit_ratio": 32.34555712270804
}