{
    "raw_metrics": {
        "episode_rewards": [
            22.856412887573242,
            6.567723274230957,
            6.568963527679443,
            6.569427967071533,
            6.569672107696533,
            6.569822788238525,
            6.569925308227539,
            6.569999694824219,
            6.5700554847717285,
            6.570099353790283,
            6.57013463973999,
            6.570164203643799,
            6.570188522338867,
            6.57020902633667,
            6.570226669311523,
            6.570242404937744,
            6.570255279541016,
            6.570267677307129,
            6.570278167724609,
            6.570287704467773
        ],
        "episode_lengths": [
            42.0,
            42.0,
            42.0,
            42.0,
            42.0,
            42.0,
            42.0,
            42.0,
            42.0,
            42.0,
            42.0,
            42.0,
            42.0,
            42.0,
            42.0,
            42.0,
            42.0,
            42.0,
            42.0,
            42.0
        ],
        "coverage_ratio": [
            1.0,
            1.0,
            1.0,
            1.0,
            1.0,
            1.0,
            1.0,
            1.0,
            1.0,
            1.0,
            1.0,
            1.0,
            1.0,
            1.0,
            1.0,
            1.0,
            1.0,
            1.0,
            1.0,
            1.0
        ],
        "path_efficiency": [
            1.95,
            1.95,
            1.95,
            1.95,
            1.95,
            1.95,
            1.95,
            1.95,
            1.95,
            1.95,
            1.95,
            1.95,
            1.95,
            1.95,
            1.95,
            1.95,
            1.95,
            1.95,
            1.95,
            1.95
        ],
        "revisit_ratio": [
            0.48717948717948717,
            0.48717948717948717,
            0.48717948717948717,
            0.48717948717948717,
            0.48717948717948717,
            0.48717948717948717,
            0.48717948717948717,
            0.48717948717948717,
            0.48717948717948717,
            0.48717948717948717,
            0.48717948717948717,
            0.48717948717948717,
            0.48717948717948717,
            0.48717948717948717,
            0.48717948717948717,
            0.48717948717948717,
            0.48717948717948717,
            0.48717948717948717,
            0.48717948717948717,
            0.48717948717948717
        ],
        "cleaning_time": []
    },
    "summary_statistics": {
        "cleaning_time": {
            "mean": 0.0,
            "std": 0.0
        }
    }
}