{
    "coverage_rate": {
        "mean": 0.515,
        "std": 0.35902646142032485
    },
    "redundancy_rate": {
        "mean": 17.244999999999997,
        "std": 10.861484705140453
    },
    "revisit_ratio": {
        "mean": 19.685570389808696,
        "std": 19.633381862385196
    },
    "episode_length": {
        "mean": 688.8,
        "std": 434.4593882056181
    },
    "episode_reward": {
        "mean": 925.4569999999785,
        "std": 1972.57069132638
    }
}