{
    "coverage_rate": {
        "mean": 0.5504063963102308,
        "std": 0.28243078833690743
    },
    "redundancy_rate": {
        "mean": 3.717149444897467,
        "std": 2.701702957674269
    },
    "revisit_ratio": {
        "mean": 79.87942534944814,
        "std": 60.93585254198866
    },
    "episode_length": {
        "mean": 1379.4,
        "std": 1003.9666528326526
    },
    "episode_reward": {
        "mean": 423.9529723608136,
        "std": 300.10940117882546
    },
    "base_env_reward": {
        "mean": 66.31979999999426,
        "std": 94.71644780374224
    },
    "new_tile_bonus": {
        "mean": 61.019999999999754,
        "std": 31.504056881614193
    },
    "new_obs_bonus": {
        "mean": 31.00000000000005,
        "std": 9.062229306302102
    },
    "facing_bonus": {
        "mean": 46.76999999999994,
        "std": 28.56551417356242
    },
    "spin_penalty": {
        "mean": -45.05999999999947,
        "std": 44.17282422485503
    },
    "stuck_penalty": {
        "mean": -153.84000000000123,
        "std": 85.41383026185154
    },
    "escape_bonus": {
        "mean": 2.739239112283913,
        "std": 1.2217867732258003
    },
    "wall_face_penalty": {
        "mean": -8.91000000000002,
        "std": 4.76963310957986
    },
    "rotate_when_blocked": {
        "mean": 18.480000000000075,
        "std": 12.527793101739935
    },
    "spin_without_move_penalty": {
        "mean": -19.559999999999977,
        "std": 20.66161658728566
    }
}