{
    "raw_metrics": {
        "episode_rewards": [
            -34398.91999999245,
            -34395.699999999604,
            -34399.699999999604,
            -34399.699999999604,
            -34366.669999974576,
            -34399.699999999604,
            -34399.699999999604,
            -34381.699999999604,
            -34399.699999999604,
            -34391.699999999604,
            -34399.699999999604,
            -34389.699999999604,
            -34389.699999999604,
            -34393.699999999604,
            -34399.699999999604,
            -34393.699999999604,
            -34395.699999999604,
            -34399.699999999604,
            -34397.699999999604,
            -34395.699999999604
        ],
        "episode_lengths": [
            3000,
            3000,
            3000,
            3000,
            3000,
            3000,
            3000,
            3000,
            3000,
            3000,
            3000,
            3000,
            3000,
            3000,
            3000,
            3000,
            3000,
            3000,
            3000,
            3000
        ],
        "coverage_ratio": [
            0.02040816326530612,
            0.024390243902439025,
            0.024390243902439025,
            0.024390243902439025,
            0.10344827586206896,
            0.030303030303030304,
            0.014492753623188406,
            0.030303030303030304,
            0.01639344262295082,
            0.022222222222222223,
            0.012345679012345678,
            0.01639344262295082,
            0.024390243902439025,
            0.034482758620689655,
            0.02040816326530612,
            0.02702702702702703,
            0.034482758620689655,
            0.022222222222222223,
            0.024390243902439025,
            0.030303030303030304
        ],
        "path_efficiency": [
            0.07800175284837861,
            0.0780701754385965,
            0.07793345008756568,
            0.07800175284837861,
            0.08157894736842106,
            0.07800175284837861,
            0.07793345008756568,
            0.07800175284837861,
            0.0781387181738367,
            0.0781387181738367,
            0.07800175284837861,
            0.07800175284837861,
            0.07800175284837861,
            0.07800175284837861,
            0.07800175284837861,
            0.0780701754385965,
            0.07800175284837861,
            0.07793345008756568,
            0.0780701754385965,
            0.0780701754385965
        ],
        "revisit_ratio": [
            0.9550561797752809,
            0.9550561797752809,
            0.9550561797752809,
            0.9550561797752809,
            0.9032258064516129,
            0.9550561797752809,
            0.9550561797752809,
            0.9550561797752809,
            0.9550561797752809,
            0.9550561797752809,
            0.9550561797752809,
            0.9550561797752809,
            0.9550561797752809,
            0.9550561797752809,
            0.9550561797752809,
            0.9550561797752809,
            0.9550561797752809,
            0.9550561797752809,
            0.9550561797752809,
            0.9550561797752809
        ],
        "cleaning_time": []
    },
    "summary_statistics": {
        "episode_rewards": {
            "mean": -34394.40625,
            "std": 7.885677337646484
        },
        "episode_lengths": {
            "mean": 3000.0,
            "std": 0.0
        },
        "coverage_ratio": {
            "mean": 0.027859359979629517,
            "std": 0.018353575840592384
        },
        "path_efficiency": {
            "mean": 0.07819774746894836,
            "std": 0.0007777619757689536
        },
        "revisit_ratio": {
            "mean": 0.9524644613265991,
            "std": 0.01129617728292942
        },
        "cleaning_time": {
            "mean": 0.0,
            "std": 0.0
        }
    }
}