{"coverage_ratio": [0.8525, 0.855, 0.8075, 0.9075, 0.8975, 0.9325, 0.905, 0.9475, 0.905, 0.975, 0.9175, 0.93, 0.9625, 0.9275, 0.9575, 0.9575, 0.99, 0.9125, 0.955, 0.96, 0.9625, 0.965, 0.9775, 0.9875, 0.985, 0.99, 0.88, 0.9325, 0.96, 0.9925, 0.9775, 0.9975, 0.985, 0.94, 0.9, 0.98, 0.9825, 0.9375, 0.9925, 0.9925, 0.9875, 0.9725, 0.9275, 0.94, 0.9825, 0.97, 0.8575, 0.985, 0.995, 0.98, 0.995, 0.9775, 0.9, 0.99, 0.99, 0.9125, 0.9625, 0.9575, 0.9675, 0.9975, 0.9125, 0.9975, 1.0, 0.975, 0.995, 0.995, 0.99, 1.0, 0.9775, 0.9875, 0.9975, 0.9625, 0.9175, 0.7375, 0.925, 0.83, 0.9975, 0.9075, 0.97, 0.9875, 0.95, 0.7875, 0.94, 0.8575, 0.985, 0.9975, 0.95, 0.9575, 0.9375, 0.95, 0.6325, 0.9675, 0.995, 0.99, 0.9675, 0.9775, 0.9975, 0.82, 0.91, 0.98, 0.89, 0.995, 0.9875, 0.9725, 0.9975, 0.9775, 1.0, 0.995, 0.975, 0.9875, 0.885, 0.925, 0.945, 0.995, 0.9575, 0.9825, 0.975, 0.9875, 0.995, 0.985, 0.8025, 1.0, 0.9925, 0.9925, 0.9925, 0.9975, 0.9975, 0.9975, 0.9925, 0.9925, 0.99, 0.9925, 0.9825, 0.9725, 0.98, 0.99, 0.84, 0.985, 0.995, 0.9275, 0.935, 0.97, 0.7975, 0.9375, 0.9175, 0.99, 0.8675, 0.9275, 0.96, 0.985, 0.99, 0.94, 0.9875, 0.9625, 0.99, 0.9625, 0.9675, 0.97, 0.9725, 0.9625, 0.83, 0.8975, 0.965, 0.975, 0.9225, 0.9925], "path_efficiency": [2.4775, 2.71, 2.5325, 2.965, 2.9475, 3.5275, 3.185, 3.095, 2.825, 3.925, 2.725, 2.9775, 3.51, 2.82, 2.5875, 3.0075, 3.4825, 2.88, 3.0875, 3.805, 2.9475, 3.65, 3.72, 3.965, 4.2775, 3.665, 2.8025, 3.02, 2.8175, 3.6075, 3.22, 3.115, 3.495, 3.2175, 3.455, 3.03, 3.4975, 2.7575, 2.675, 3.5275, 3.5525, 2.8425, 3.3425, 3.2325, 3.32, 3.33, 2.5875, 3.07, 3.155, 2.83, 3.015, 3.2025, 2.74, 3.9125, 3.6625, 2.98, 3.1825, 3.0425, 2.915, 3.99, 3.0525, 3.475, 3.715, 2.8725, 3.8425, 3.545, 2.9675, 3.66, 2.99, 2.8775, 3.155, 3.2, 2.97, 2.055, 3.035, 2.7125, 3.58, 2.765, 2.7375, 2.8825, 2.84, 2.2025, 2.895, 2.7575, 3.5425, 3.4025, 3.1925, 3.5725, 3.005, 2.795, 2.285, 2.7275, 2.64, 3.4375, 3.0275, 3.0525, 3.22, 2.7775, 2.9775, 3.44, 2.65, 3.62, 3.26, 2.6175, 3.22, 3.0775, 3.3975, 3.225, 3.1025, 3.3225, 2.0, 2.8, 2.605, 3.4, 2.6625, 2.675, 3.0525, 3.1425, 3.245, 3.185, 2.5425, 3.6325, 4.245, 3.6425, 3.07, 3.0, 3.135, 4.215, 4.1175, 3.2075, 3.505, 3.495, 3.005, 2.855, 2.65, 3.5175, 2.5425, 2.9625, 2.6375, 2.84, 2.9125, 3.24, 2.4925, 2.8775, 2.7675, 2.6325, 2.1975, 3.02, 2.76, 3.1575, 2.8475, 3.31, 3.1175, 3.3525, 3.515, 2.9175, 2.795, 3.025, 2.605, 3.4375, 2.0125, 2.6825, 2.805, 3.0025, 2.515, 3.53], "revisit_ratio": [0.6559031281533805, 0.6845018450184502, 0.6811451135241856, 0.693929173693086, 0.6955046649703138, 0.735648476257973, 0.7158555729984302, 0.6938610662358643, 0.679646017699115, 0.7515923566878981, 0.6633027522935779, 0.6876574307304786, 0.7257834757834758, 0.6710992907801419, 0.629951690821256, 0.6816292601828762, 0.715721464465183, 0.6831597222222222, 0.6906882591093118, 0.7477003942181341, 0.6734520780322307, 0.7356164383561644, 0.7372311827956989, 0.7509457755359394, 0.7697253068381064, 0.7298772169167803, 0.6859946476360392, 0.6912251655629139, 0.6592724046140195, 0.7248787248787248, 0.6964285714285714, 0.6797752808988764, 0.7181688125894135, 0.7078477078477079, 0.7395079594790159, 0.6765676567656765, 0.7190850607576841, 0.6600181323662738, 0.6289719626168224, 0.7186392629340893, 0.7220267417311752, 0.6578715919085312, 0.7225130890052356, 0.7092034029389018, 0.704066265060241, 0.7087087087087087, 0.6685990338164252, 0.6791530944625407, 0.6846275752773375, 0.6537102473498233, 0.6699834162520729, 0.6947697111631538, 0.6715328467153284, 0.746964856230032, 0.7296928327645051, 0.6937919463087249, 0.6975648075412412, 0.6852917009038619, 0.6680960548885078, 0.75, 0.7010647010647011, 0.7129496402877697, 0.730820995962315, 0.660574412532637, 0.7410540013012362, 0.7193229901269393, 0.6663858466722831, 0.726775956284153, 0.6730769230769231, 0.6568201563857515, 0.6838351822503962, 0.69921875, 0.6910774410774411, 0.6411192214111923, 0.6952224052718287, 0.6940092165898617, 0.7213687150837989, 0.6717902350813744, 0.645662100456621, 0.6574154379878577, 0.6654929577464789, 0.6424517593643587, 0.6753022452504318, 0.6890299184043518, 0.7219477769936485, 0.7068332108743571, 0.7024275646045419, 0.7319804058782365, 0.6880199667221298, 0.6601073345259392, 0.7231947483588621, 0.6452795600366636, 0.6231060606060606, 0.712, 0.6804293971924029, 0.6797706797706797, 0.6902173913043478, 0.7047704770477048, 0.6943744752308985, 0.7151162790697675, 0.6641509433962264, 0.7251381215469613, 0.6970858895705522, 0.6284622731614136, 0.6902173913043478, 0.6823720552396426, 0.7056659308314938, 0.6914728682170542, 0.6857373086220789, 0.7027840481565086, 0.5575, 0.6696428571428571, 0.6372360844529751, 0.7073529411764706, 0.64037558685446, 0.6327102803738318, 0.6805896805896806, 0.6857597454256166, 0.6933744221879815, 0.6907378335949764, 0.6843657817109144, 0.7247075017205781, 0.7661955241460542, 0.727522306108442, 0.6767100977198697, 0.6675, 0.6818181818181818, 0.7633451957295374, 0.7589556769884639, 0.6905689789555729, 0.717546362339515, 0.7160228898426323, 0.673044925124792, 0.659369527145359, 0.630188679245283, 0.7185501066098081, 0.6696165191740413, 0.6675105485232068, 0.6227488151658768, 0.6734154929577465, 0.6789699570815451, 0.7006172839506173, 0.6800401203610833, 0.6741963509991312, 0.6684733514001807, 0.6239316239316239, 0.6052332195676906, 0.6928807947019867, 0.6521739130434783, 0.6880443388756928, 0.6523266022827041, 0.716012084592145, 0.6832397754611067, 0.7129008202833707, 0.7183499288762447, 0.6700942587832048, 0.6538461538461539, 0.6793388429752066, 0.6266794625719769, 0.72, 0.5875776397515527, 0.6654240447343895, 0.6559714795008913, 0.675270607826811, 0.6332007952286283, 0.7188385269121813], "episode_rewards": [-3399.529999, -2861.4, -3042.39, -2833.55, -3029.85, -3003.45, -3084.85, -2681.15, -2905.95, -3916.45, -2999.15, -2969.0, -3561.15, -3222.45, -3098.8, -2934.6, -4164.25, -3081.7, -3805.9, -6962.2, -2882.25, -3875.15, -4754.25, -4087.85, -4723.35, -2968.35, -3039.65, -3103.55, -2966.75, -3435.1, -2875.8, -2742.25, -2893.8, -3962.35, -3852.2, -3188.95, -3178.65, -3053.85, -2710.4, -3097.7, -4571.75, -3389.25, -4539.3, -3718.35, -7825.2, -4046.8, -2918.2, -2550.6, -2735.75, -2629.7, -2437.05, -2772.7, -2718.55, -3191.45, -5043.9, -3258.35, -2668.15, -3555.3, -2734.05, -4011.25, -2999.35, -2870.65, -4786.9, -2875.3, -3294.3, -2660.9, -2702.65, -3418.3, -2911.4, -3020.2, -4368.1, -2814.9, -3001.95, -3482.5, -2846.05, -2702.8, -3141.35, -4529.3, -2776.4, -2563.7, -2861.6, -3005.8, -2609.75, -2584.2, -3647.0, -3416.25, -6109.5, -3174.9, -2599.3, -2498.05, -3453.8, -2840.95, -4747.35, -2768.3, -2452.65, -5826.8, -2579.2, -2692.7, -2405.95, -4204.0, -2916.6, -3305.65, -3860.9, -2946.9, -2858.8, -2728.6, -2864.45, -3161.9, -3168.5, -2834.6, -4232.9, -3231.25, -2456.05, -6677.0, -3106.4, -2934.4, -4941.75, -3010.1, -4709.4, -2580.7, -2676.5, -3003.45, -3819.0, -3190.7, -2800.1, -2524.2, -2613.3, -4386.15, -4957.35, -2528.55, -2865.9, -3708.55, -2354.4, -2996.9, -3304.05, -4983.4, -2677.2, -3473.4, -3018.45, -2716.2, -2594.35, -3779.4, -2874.7, -2592.7, -2511.95, -4723.4, -10796.55, -2752.1, -2657.2, -4049.55, -3116.5, -2764.2, -2727.3, -2651.55, -4345.95, -2916.2, -2795.7, -2637.05, -2989.65, -2801.6, -4151.75, -2560.25, -14125.25, -5726.6, -2984.0, -2947.55],