{"coverage_ratio": [0.9025, 0.925, 0.79, 0.86, 0.85, 0.8275, 0.8925, 0.835, 0.9125, 0.9025, 0.9, 0.9525, 0.8225, 0.85, 0.84, 0.935, 0.9275, 0.8825, 0.9275, 0.885, 0.97, 0.9675, 0.98, 0.8675, 0.9675, 0.95, 0.9825, 0.96, 0.985, 0.945, 0.8825, 0.9775, 0.9675, 0.965, 0.9425, 0.885, 0.955, 0.98, 0.97, 0.9725, 0.9825, 0.955, 0.955, 0.9425, 0.9675, 0.995, 0.8875, 0.975, 0.9625, 0.97, 0.945, 0.935, 0.8325, 0.99, 0.9875, 0.995, 0.985, 0.99, 0.9925, 0.965, 0.9925, 0.9775, 0.9875, 0.965, 0.8775, 0.98, 0.9575, 0.99, 0.98, 0.9675, 0.975, 0.93, 0.93, 0.92, 0.9975, 0.9475, 0.9475, 0.955, 0.9025, 0.9625, 0.885, 0.9675, 0.8675, 0.985, 0.985, 1.0, 0.9875, 0.9925, 0.965, 0.9925, 0.9925, 0.8675, 0.9875, 0.995, 0.8725, 0.9725, 0.8925, 0.945, 0.9875, 0.9875, 0.945, 0.98, 0.995, 0.8975, 0.955, 0.9925, 0.9975, 0.9475, 0.9375, 0.99, 0.975, 0.9675, 0.8775, 0.965, 0.9875, 0.985, 0.995, 0.995, 0.9775, 0.9975, 0.9825, 0.965, 1.0, 0.9275, 0.995, 0.995, 0.9925, 0.9975, 0.9975, 0.975, 0.9675, 0.965, 0.965, 0.94, 0.9925, 0.98, 0.9875, 0.97, 0.9825, 0.96, 1.0, 0.8875, 0.9975, 0.99, 0.9775, 0.9825, 0.985, 0.965, 0.955, 0.935, 0.9425, 0.9475, 0.9925, 0.9625, 0.98, 0.99, 0.9575, 0.9725, 0.9175, 0.99, 0.99, 0.975, 0.9975, 0.9925, 0.9825, 0.985], "path_efficiency": [2.445, 2.5725, 2.5575, 3.19, 2.7825, 3.295, 3.2425, 3.05, 3.5275, 2.975, 3.0475, 3.435, 2.675, 2.8175, 3.11, 3.035, 3.1475, 2.5675, 3.15, 2.9425, 3.39, 3.505, 3.1, 2.7425, 2.9075, 2.385, 3.5, 2.54, 3.6325, 3.335, 2.7, 3.2625, 3.685, 3.06, 3.37, 2.305, 3.0775, 3.915, 3.4275, 3.205, 3.1125, 3.02, 3.1375, 3.82, 2.8025, 3.8175, 2.585, 2.91, 3.32, 2.885, 2.8525, 3.665, 2.63, 3.785, 3.7425, 3.44, 3.515, 3.6825, 2.865, 2.98, 3.205, 2.5125, 3.075, 2.6825, 2.185, 3.4525, 3.1425, 2.62, 2.91, 3.2775, 3.5175, 2.76, 3.035, 2.93, 3.0125, 3.2425, 2.885, 3.0925, 2.6375, 2.6675, 2.62, 2.89, 2.6025, 3.3225, 3.1, 3.36, 4.0375, 3.255, 2.775, 3.465, 3.1325, 2.29, 3.1775, 2.69, 2.4475, 2.8525, 2.825, 2.68, 3.0575, 3.6775, 2.86, 2.5125, 3.115, 2.915, 3.34, 3.3675, 3.2, 2.845, 2.82, 3.0075, 3.075, 2.9775, 2.6175, 2.655, 2.84, 3.5125, 3.28, 2.815, 3.375, 2.975, 3.35, 2.955, 3.8625, 2.8675, 3.1, 2.905, 3.1125, 3.24, 3.195, 3.4025, 2.6375, 2.6, 3.1375, 2.7625, 3.065, 2.8925, 3.155, 3.5125, 2.9325, 2.795, 3.29, 2.6625, 3.57, 3.3375, 3.215, 2.9775, 3.0325, 2.565, 3.045, 3.1775, 2.855, 2.9225, 3.3275, 2.5825, 2.9675, 3.2275, 3.06, 3.145, 2.675, 3.4275, 3.1275, 3.045, 3.555, 3.315, 3.1775, 3.0875], "revisit_ratio": [0.630879345603272, 0.640427599611273, 0.6911045943304008, 0.7304075235109718, 0.6945193171608266, 0.7488619119878603, 0.7247494217424827, 0.7262295081967213, 0.741318214032601, 0.6966386554621848, 0.70467596390484, 0.722707423580786, 0.6925233644859813, 0.6983141082519965, 0.729903536977492, 0.6919275123558485, 0.7053216838760922, 0.6562804284323271, 0.7055555555555556, 0.6992353440951572, 0.7138643067846607, 0.723965763195435, 0.6838709677419355, 0.6836827711941659, 0.6672398968185727, 0.6016771488469602, 0.7192857142857143, 0.6220472440944882, 0.7288368891947694, 0.7166416791604198, 0.6731481481481482, 0.7003831417624521, 0.737449118046133, 0.684640522875817, 0.7203264094955489, 0.6160520607375272, 0.6896831844029244, 0.7496807151979565, 0.7169948942377826, 0.6965678627145085, 0.6843373493975904, 0.6837748344370861, 0.6956175298804781, 0.7532722513089005, 0.6547725245316681, 0.739358218729535, 0.6566731141199227, 0.6649484536082474, 0.7100903614457831, 0.6637781629116117, 0.6687116564417178, 0.7448840381991815, 0.6834600760456274, 0.7384412153236459, 0.7361389445557782, 0.7107558139534884, 0.7197724039829303, 0.7311608961303462, 0.6535776614310645, 0.6761744966442953, 0.6903276131045242, 0.6109452736318408, 0.6788617886178862, 0.6402609506057781, 0.5983981693363845, 0.7161477190441708, 0.6953062848050915, 0.6221374045801527, 0.6632302405498282, 0.7048054919908466, 0.7228144989339019, 0.6630434782608695, 0.6935749588138386, 0.6860068259385665, 0.6688796680497925, 0.707787201233616, 0.67157712305026, 0.6911883589329022, 0.6578199052132702, 0.6391752577319587, 0.6622137404580153, 0.6652249134948097, 0.6666666666666666, 0.7035364936042137, 0.682258064516129, 0.7023809523809523, 0.7554179566563467, 0.695084485407066, 0.6522522522522523, 0.7135642135642135, 0.6831604150039904, 0.62117903930131, 0.6892210857592447, 0.6301115241635687, 0.6435137895812053, 0.6590709903593339, 0.684070796460177, 0.6473880597014925, 0.6770237121831562, 0.7314751869476547, 0.6695804195804196, 0.609950248756219, 0.680577849117175, 0.6921097770154374, 0.7140718562874252, 0.7052709725315516, 0.68828125, 0.6669595782073814, 0.6675531914893617, 0.6708229426433915, 0.6829268292682927, 0.6750629722921915, 0.664756446991404, 0.6365348399246704, 0.6522887323943662, 0.7195729537366548, 0.6966463414634146, 0.6465364120781527, 0.7103703703703703, 0.6647058823529411, 0.7067164179104478, 0.6734348561759729, 0.7411003236245954, 0.6765475152571927, 0.6790322580645162, 0.657487091222031, 0.6811244979919678, 0.6921296296296297, 0.687793427230047, 0.7134459955914768, 0.633175355450237, 0.6288461538461538, 0.6924302788844622, 0.6597285067873303, 0.6761827079934747, 0.6611927398444253, 0.6870047543581617, 0.7238434163701067, 0.6649616368286445, 0.6565295169946332, 0.6960486322188449, 0.6666666666666666, 0.7205882352941176, 0.7033707865168539, 0.6959564541213064, 0.6700251889168766, 0.6751854905193735, 0.6237816764132553, 0.6863711001642037, 0.7057435090479937, 0.669877408056042, 0.6757912745936698, 0.7017280240420737, 0.6272991287512101, 0.6697556866048863, 0.6932610379550735, 0.6870915032679739, 0.690779014308426, 0.6570093457943925, 0.7111597374179431, 0.6834532374100719, 0.6798029556650246, 0.7194092827004219, 0.700603318250377, 0.6907946498819827, 0.6809716599190283], "episode_rewards": [-3819.949999, -5421.27, -3567.72, -2937.8, -2645.3, -3184.6, -3159.25, -2732.7, -3091.4, -2953.9, -3059.0, -2826.6, -2670.25, -3497.7, -3099.75, -2577.85, -2958.5, -2497.6, -3049.9, -2564.7, -3055.4, -3302.85, -3490.3, -2684.0, -2790.3, -3133.85, -3246.1, -2914.6, -4573.95, -4006.9, -2751.7, -4382.1, -3086.65, -2900.2, -3504.9, -3520.05, -4398.0, -3500.55, -3872.25, -2690.55, -2687.55, -2510.95, -2555.35, -6081.05, -2837.05, -4250.65, -3186.55, -3008.25, -3886.45, -2863.9, -2870.55, -3424.55, -3106.45, -4143.9, -3892.05, -2883.25, -3887.95, -2975.65, -2739.65, -2569.65, -3387.0, -2818.8, -2587.75, -3549.8, -3443.35, -5181.5, -2758.35, -2395.0, -2574.45, -5992.75, -3406.75, -3055.45, -2910.45, -2945.1, -2318.5, -3196.35, -2678.6, -2917.35, -2924.4, -3194.55, -2995.3, -2631.65, -2757.15, -2652.85, -2755.05, -2534.5, -6202.0, -2679.95, -2881.9, -4531.8, -2739.05, -3558.75, -2757.15, -2700.2, -13040.75, -2773.6, -2891.55, -3151.2, -2616.8, -4997.7, -2701.75, -2963.85, -3264.35, -2997.7, -3648.9, -3153.6, -2596.6, -2879.9, -2949.1, -3878.9, -4991.6, -2960.4, -2604.25, -2768.75, -2670.9, -2863.4, -2985.0, -2925.25, -2930.15, -2453.55, -2711.45, -2729.8, -3904.3, -2505.85, -2443.4, -2593.8, -2958.6, -3477.45, -2675.25, -4373.5, -2749.4, -12346.15, -2838.1, -2669.75, -2592.6, -5552.45, -2682.5, -3815.2, -2619.5, -2677.45, -3004.25, -3580.35, -3409.75, -2674.2, -4213.05, -2936.7, -3450.45, -3604.45, -3802.4, -2789.7, -2600.9, -3077.9, -2683.95, -2706.25, -2876.85, -3380.25, -2789.9, -8676.2, -2750.05, -3673.0, -2728.5, -2909.15, -2800.25, -2989.85, -2710.0, -2640.85],