{"coverage_ratio": [0.7331536388140162], "path_efficiency": [2.059299191374663], "revisit_ratio": [0.643979057591623], "episode_rewards": [-3937.459999], "episode_lengths": [3000], "cleaning_time": []}