{"coverage_ratio": [0.8245614035087719, 0.9538461538461539], "path_efficiency": [1.9325, 2.125], "revisit_ratio": [0.5666235446313066, 0.5858823529411765], "episode_rewards": [-3954.939999, -3953.5], "episode_lengths": [3000, 3000], "cleaning_time": []}