{"coverage_ratio": [0.4797843665768194], "path_efficiency": [0.9353099730458221], "revisit_ratio": [0.48703170028818443], "episode_rewards": [-13214.209999], "episode_lengths": [3000], "cleaning_time": []}