{
    "coverage_rate": {
        "mean": 0.41716287215411557,
        "std": 0.14062360265260712
    },
    "redundancy_rate": {
        "mean": 1.2581436077057793,
        "std": 0.573029772329247
    },
    "revisit_ratio": {
        "mean": 191.97519929567278,
        "std": 160.13644785633733
    },
    "episode_length": {
        "mean": 1435.8,
        "std": 654.4
    },
    "episode_reward": {
        "mean": 303.33567982972323,
        "std": 430.7841721149729
    },
    "base_env_reward": {
        "mean": 331.2349999999984,
        "std": 85.74600448067581
    },
    "new_tile_bonus": {
        "mean": 142.6200000000004,
        "std": 48.177646268783775
    },
    "new_obs_bonus": {
        "mean": 89.03999999999976,
        "std": 20.725983691974537
    },
    "frontier_bonus": {
        "mean": 654.2,
        "std": 275.49548090667474
    },
    "facing_bonus": {
        "mean": 46.3,
        "std": 21.0578963811678
    },
    "step_into_dirty_bonus": {
        "mean": 118.85,
        "std": 40.14803855731934
    },
    "stuck_penalty": {
        "mean": -742.5797333333334,
        "std": 315.8527536599857
    },
    "escape_bonus": {
        "mean": 0.9259464963819124,
        "std": 0.23912280538994338
    },
    "wall_face_penalty": {
        "mean": -5.003999999999955,
        "std": 3.967778219608492
    },
    "rotate_when_blocked": {
        "mean": 4.419999999999996,
        "std": 2.9748277261044813
    },
    "spin_without_move_penalty": {
        "mean": -336.6715333333333,
        "std": 211.6372957547469
    }
}