{
    "best_value": -Infinity,
    "best_params": {
        "lr": 5.6115164153345e-05,
        "batch_size": 128,
        "gamma": 0.9658794547630265,
        "n_atoms": 51,
        "v_min": -17.65972039336345,
        "v_max": 7.33991780504304,
        "n_step": 1,
        "alpha": 0.7464704583099742,
        "beta": 0.5404460046972834,
        "beta_increment": 0.0015621088666940683,
        "exploration_bonus": 0.10823379771832098,
        "time_penalty": -0.0011203605913520228,
        "stay_penalty": -0.07513360387993673
    },
    "all_trials": [
        {
            "number": 0,
            "value": -Infinity,
            "params": {
                "lr": 5.6115164153345e-05,
                "batch_size": 128,
                "gamma": 0.9658794547630265,
                "n_atoms": 51,
                "v_min": -17.65972039336345,
                "v_max": 7.33991780504304,
                "n_step": 1,
                "alpha": 0.7464704583099742,
                "beta": 0.5404460046972834,
                "beta_increment": 0.0015621088666940683,
                "exploration_bonus": 0.10823379771832098,
                "time_penalty": -0.0011203605913520228,
                "stay_penalty": -0.07513360387993673
            }
        },
        {
            "number": 1,
            "value": -Infinity,
            "params": {
                "lr": 2.6587543983272695e-05,
                "batch_size": 32,
                "gamma": 0.9165064058868091,
                "n_atoms": 31,
                "v_min": -12.128653525516432,
                "v_max": 11.479175279631736,
                "n_step": 2,
                "alpha": 0.6447411578889518,
                "beta": 0.3557975442608167,
                "beta_increment": 0.0009382169728028272,
                "exploration_bonus": 0.2465447373174767,
                "time_penalty": -0.0031757200631318564,
                "stay_penalty": -0.08222360579104795
            }
        },
        {
            "number": 2,
            "value": -Infinity,
            "params": {
                "lr": 2.5081156860452307e-05,
                "batch_size": 80,
                "gamma": 0.9533173111975838,
                "n_atoms": 21,
                "v_min": -10.886827221478425,
                "v_max": 7.557861855309373,
                "n_step": 1,
                "alpha": 0.7795542149013334,
                "beta": 0.6862528132298237,
                "beta_increment": 0.0017125960221746918,
                "exploration_bonus": 0.2218455076693483,
                "time_penalty": -0.004609311543974465,
                "stay_penalty": -0.09736504602317646
            }
        },
        {
            "number": 3,
            "value": -Infinity,
            "params": {
                "lr": 7.591104805282687e-05,
                "batch_size": 16,
                "gamma": 0.9445659219100143,
                "n_atoms": 21,
                "v_min": -6.360193968818269,
                "v_max": 8.881699724000253,
                "n_step": 4,
                "alpha": 0.5246844304357644,
                "beta": 0.5080272084711243,
                "beta_increment": 0.0013200654190149196,
                "exploration_bonus": 0.17394178221021084,
                "time_penalty": -0.001121661488941766,
                "stay_penalty": -0.0837300764958328
            }
        },
        {
            "number": 4,
            "value": -Infinity,
            "params": {
                "lr": 0.0007568292060167617,
                "batch_size": 128,
                "gamma": 0.9538109980929976,
                "n_atoms": 71,
                "v_min": -18.672612469221207,
                "v_max": 7.939742936287178,
                "n_step": 1,
                "alpha": 0.5301321323053058,
                "beta": 0.4554709158757928,
                "beta_increment": 0.0009070235476608438,
                "exploration_bonus": 0.43149500366077176,
                "time_penalty": -0.003572986693225643,
                "stay_penalty": -0.15785982354689287
            }
        },
        {
            "number": 5,
            "value": -Infinity,
            "params": {
                "lr": 0.00012172847081122418,
                "batch_size": 32,
                "gamma": 0.9721977282678635,
                "n_atoms": 21,
                "v_min": -5.19669595099224,
                "v_max": 16.58367153944986,
                "n_step": 1,
                "alpha": 0.40220884684944097,
                "beta": 0.6261845713819336,
                "beta_increment": 0.0015602860157714258,
                "exploration_bonus": 0.3916028672163949,
                "time_penalty": -0.001914918613256217,
                "stay_penalty": -0.18889330223988646
            }
        },
        {
            "number": 6,
            "value": -Infinity,
            "params": {
                "lr": 5.211124595788268e-05,
                "batch_size": 16,
                "gamma": 0.9776793083288035,
                "n_atoms": 51,
                "v_min": -15.036529627210262,
                "v_max": 5.953375254290354,
                "n_step": 2,
                "alpha": 0.5300733288106989,
                "beta": 0.5918424713352256,
                "beta_increment": 0.0014563362070328196,
                "exploration_bonus": 0.4548850970305306,
                "time_penalty": -0.003111140299352203,
                "stay_penalty": -0.18206086310925476
            }
        },
        {
            "number": 7,
            "value": -Infinity,
            "params": {
                "lr": 0.0002669866674274458,
                "batch_size": 112,
                "gamma": 0.9505149477812547,
                "n_atoms": 61,
                "v_min": -12.59306605453414,
                "v_max": 12.840992440729911,
                "n_step": 3,
                "alpha": 0.4101676506976381,
                "beta": 0.34315657079732176,
                "beta_increment": 0.0005471437785301014,
                "exploration_bonus": 0.3545641645055122,
                "time_penalty": -0.0037425760756946936,
                "stay_penalty": -0.12371439632529459
            }
        },
        {
            "number": 8,
            "value": -Infinity,
            "params": {
                "lr": 0.0006533305220227731,
                "batch_size": 32,
                "gamma": 0.9369344630732067,
                "n_atoms": 61,
                "v_min": -16.568027517625662,
                "v_max": 6.1546986474318945,
                "n_step": 2,
                "alpha": 0.4644885149016018,
                "beta": 0.6718790609370292,
                "beta_increment": 0.0017121805693466254,
                "exploration_bonus": 0.35336150260416943,
                "time_penalty": -0.0015141576392491292,
                "stay_penalty": -0.07944918846513283
            }
        },
        {
            "number": 9,
            "value": -Infinity,
            "params": {
                "lr": 2.3612399244412595e-05,
                "batch_size": 128,
                "gamma": 0.9485408017724086,
                "n_atoms": 61,
                "v_min": -6.558630501147601,
                "v_max": 9.770052124577958,
                "n_step": 1,
                "alpha": 0.4911740650167767,
                "beta": 0.4708431154505025,
                "beta_increment": 0.0017270221488837397,
                "exploration_bonus": 0.4442922333025374,
                "time_penalty": -0.004972191477875238,
                "stay_penalty": -0.12338790461336514
            }
        },
        {
            "number": 10,
            "value": -Infinity,
            "params": {
                "lr": 1.2150104649007388e-05,
                "batch_size": 80,
                "gamma": 0.987258339970908,
                "n_atoms": 41,
                "v_min": -19.769483940078434,
                "v_max": 18.614971929237768,
                "n_step": 5,
                "alpha": 0.7904559599431981,