{
    "learning_rate": 1.0094583502496914e-05,
    "ent_coef": 0.00023585645141783608,
    "n_steps": 256,
    "gamma": 0.9524690424128199,
    "clip_range": 0.10958141010957904
}