{
    "learning_rate": 0.00042614275571578857,
    "ent_coef": 0.00041768191342866424,
    "n_steps": 512,
    "gamma": 0.9527184775643521,
    "clip_range": 0.2883487307525962
}