{
    "coverage_rate": {
        "mean": 0.39211908931698775,
        "std": 0.11598323952607778
    },
    "redundancy_rate": {
        "mean": 2.372679509632224,
        "std": 0.5103327495621716
    },
    "revisit_ratio": {
        "mean": 80.98384856170568,
        "std": 43.5718111340072
    },
    "episode_length": {
        "mean": 2708.6,
        "std": 582.8000000000001
    },
    "episode_reward": {
        "mean": 310.79520000000696,
        "std": 121.25227289812582
    }
}