{"episode_rewards": [-11737.05999994279, -12209.96999999286, -12107.129999989284, -12208.750000000013, -11158.119999939216], "episode_lengths": [500, 500, 500, 500, 500], "coverage_ratio": [0.14035087719298245, 0.024390243902439025, 0.08888888888888889, 0.07317073170731707, 0.3793103448275862], "path_efficiency": [0.04838709677419355, 0.0215633423180593, 0.018867924528301886, 0.021505376344086023, 0.07297297297297298], "revisit_ratio": [0.05555555555555555, 0.0, 0.0, 0.0, 0.037037037037037035], "cleaning_time": []}