{"episode_rewards": [-10407.869999921331, -11317.74999996425, -11788.209999960673, -1887.2799999892773, -11880.46999999286], "episode_lengths": [500, 500, 500, 500, 500], "coverage_ratio": [0.21621621621621623, 0.1111111111111111, 0.07547169811320754, 0.034482758620689655, 0.1951219512195122], "path_efficiency": [0.07547169811320754, 0.05962059620596206, 0.04838709677419355, 0.745945945945946, 0.043243243243243246], "revisit_ratio": [0.17857142857142858, 0.045454545454545456, 0.0, 0.9311594202898551, 0.0], "cleaning_time": []}