{"episode_rewards": [-4159.139999985704, -12558.850000000011, -4521.289999896291, -4067.5499999821263, -887.3199998497946, -1189.3699998855584, -1603.1399998962902, -1078.0699999213216, -1030.5999999642354, -2035.6000000000029, -2153.1599999964246, -1026.3699999570815, -1458.219999974965, -1813.809999978541, -3040.809999996429, -3871.5500000000047, -6564.600000000008, -2713.339999985698, -6959.1000000000095, -2673.3000000000034, -3641.950000000005, -12310.250000000011, -6266.500000000005, -12249.800000000014, -12341.100000000017, -12351.850000000013, -2831.9500000000035, -12209.000000000013, -12259.60000000001, -12305.600000000013, -6581.300000000013, -11200.70000000001, -12376.000000000015, -6999.100000000011, -12376.000000000013, -9457.950000000012, -3809.7500000000023, -12320.650000000012, -4298.200000000009, -3480.850000000003, -2588.250000000006, -4197.450000000005, -5002.650000000005, -11058.800000000012, -4784.35000000001, -5680.600000000011, -5200.500000000007, -3874.4500000000053, -12412.750000000011, -2537.5500000000025, -4215.089999985704, -2019.550000000001, -2001.0, -4324.750000000004, -3430.400000000004, -2749.0000000000027, -2661.409999996428, -2073.2000000000085, -1667.6500000000035, -988.8099999964221, -1708.2499999999982, -6195.679999989278, -5766.909999996429, -3312.0000000000023, -4198.150000000003, -2776.0999999999917, -3897.2999999999975, -5191.300000000004, -2007.639999985697, -2923.6, -4419.909999996427, -3613.9500000000016, -3565.600000000002, -9888.749999982128, -11345.950000000012, -7167.869999957092, -2050.6500000000074, -5583.200000000011, -9845.900000000038, -8061.000000000008, -3019.9699999570907, -4260.6899999678235, -2794.1499999821262, -2934.2999999821213, -2849.4799999713914, -3733.8000000000015, -1322.9599999964228, -8269.299999982128, -2260.950000000001, -11737.500000000013, -2560.9000000000074, -1934.5199999749655, -10732.45000000001, -8394.650000000012, -4509.000000000004, -4753.3099999964315, -5435.500000000005, -5440.459999996434, -9805.75000000001, -5626.3500000000095], "episode_lengths": [500, 500, 500, 500, 500, 500, 500, 500, 500, 500, 500, 500, 500, 500, 500, 500, 500, 500, 500, 500, 500, 500, 500, 500, 500, 500, 500, 500, 500, 500, 500, 500, 500, 500, 500, 500, 500, 500, 500, 500, 500, 500, 500, 500, 500, 500, 500, 500, 500, 500, 500, 500, 500, 500, 500, 500, 500, 500, 500, 500, 500, 500, 500, 500, 500, 500, 500, 500, 500, 500, 500, 500, 500, 500, 500, 500, 500, 500, 500, 500, 500, 500, 500, 500, 500, 500, 500, 500, 500, 500, 500, 500, 500, 500, 500, 500, 500, 500, 500, 500], "coverage_ratio": [0.030303030303030304, 0.015384615384615385, 0.12, 0.1095890410958904, 0.1836734693877551, 0.2727272727272727, 0.21212121212121213, 0.02702702702702703, 0.5263157894736842, 0.12244897959183673, 0.018867924528301886, 0.5283018867924528, 0.23809523809523808, 0.08108108108108109, 0.06896551724137931, 0.0975609756097561, 0.12195121951219512, 0.044444444444444446, 0.08196721311475409, 0.024390243902439025, 0.13333333333333333, 0.07317073170731707, 0.08888888888888889, 0.08888888888888889, 0.07317073170731707, 0.10204081632653061, 0.017543859649122806, 0.02702702702702703, 0.01639344262295082, 0.024390243902439025, 0.02040816326530612, 0.10344827586206896, 0.022222222222222223, 0.10810810810810811, 0.022222222222222223, 0.08771929824561403, 0.18181818181818182, 0.061224489795918366, 0.02040816326530612, 0.08771929824561403, 0.28888888888888886, 0.3793103448275862, 0.09090909090909091, 0.047619047619047616, 0.02040816326530612, 0.01639344262295082, 0.02702702702702703, 0.3333333333333333, 0.024390243902439025, 0.2972972972972973, 0.13513513513513514, 0.018867924528301886, 0.3939393939393939, 0.11320754716981132, 0.3902439024390244, 0.07317073170731707, 0.13513513513513514, 0.02702702702702703, 0.2727272727272727, 0.32075471698113206, 0.02702702702702703, 0.27692307692307694, 0.1724137931034483, 0.26785714285714285, 0.44, 0.35135135135135137, 0.2926829268292683, 0.39344262295081966, 0.1111111111111111, 0.5918367346938775, 0.1724137931034483, 0.3673469387755102, 0.5714285714285714, 0.2727272727272727, 0.1111111111111111, 0.24324324324324326, 0.5471698113207547, 0.3111111111111111, 0.24528301886792453, 0.13513513513513514, 0.3770491803278688, 0.13513513513513514, 0.41509433962264153, 0.13114754098360656, 0.13793103448275862, 0.5555555555555556, 0.5675675675675675, 0.47368421052631576, 0.022222222222222223, 0.1951219512195122, 0.42424242424242425, 0.3469387755102041, 0.2807017543859649, 0.36, 0.5849056603773585, 0.24528301886792453, 0.2807017543859649, 0.20689655172413793, 0.1509433962264151, 0.37777777777777777], "path_efficiency": [0.013477088948787063, 0.0026954177897574125, 0.09433962264150944, 0.0889487870619946, 0.48118279569892475, 0.25135135135135134, 0.33153638814016173, 0.41778975741239893, 0.4582210242587601, 0.26881720430107525, 0.17073170731707318, 0.5175202156334232, 0.17962466487935658, 0.08378378378378379, 0.07547169811320754, 0.07837837837837838, 0.05945945945945946, 0.11021505376344086, 0.051351351351351354, 0.08064516129032258, 0.09164420485175202, 0.03494623655913978, 0.08108108108108109, 0.03234501347708895, 0.03513513513513514, 0.03523035230352303, 0.07567567567567568, 0.037940379403794036, 0.03763440860215054, 0.03773584905660377, 0.07008086253369272, 0.06504065040650407, 0.03513513513513514, 0.06756756756756757, 0.03494623655913978, 0.07027027027027027, 0.0862533692722372, 0.03494623655913978, 0.1078167115902965, 0.11891891891891893, 0.16260162601626016, 0.1078167115902965, 0.11621621621621622, 0.04582210242587601, 0.0862533692722372, 0.07008086253369272, 0.1293800539083558, 0.1424731182795699, 0.032432432432432434, 0.14016172506738545, 0.0921409214092141, 0.18867924528301888, 0.2398921832884097, 0.1078167115902965, 0.17473118279569894, 0.11081081081081082, 0.13513513513513514, 0.24128686327077747, 0.27837837837837837, 0.44715447154471544, 0.2949061662198391, 0.0918918918918919, 0.21351351351351353, 0.33692722371967654, 0.21351351351351353, 0.3216216216216216, 0.2, 0.14016172506738545, 0.2398921832884097, 0.21293800539083557, 0.1293800539083558, 0.21351351351351353, 0.15945945945945947, 0.056910569105691054, 0.0431266846361186, 0.11320754716981132, 0.24128686327077747, 0.04864864864864865, 0.11081081081081082, 0.13783783783783785, 0.09973045822102426, 0.1078167115902965, 0.18328840970350405, 0.10298102981029811, 0.09433962264150944, 0.20270270270270271, 0.2183288409703504, 0.13978494623655913, 0.28763440860215056, 0.04878048780487805, 0.1967654986522911, 0.13243243243243244, 0.05390835579514825, 0.13941018766756033, 0.2668463611859838, 0.11621621621621622, 0.19137466307277629, 0.07837837837837838, 0.07859078590785908, 0.07816711590296496],