{
    "episode_length": {
        "mean": 2625.6,
        "std": 748.8
    },
    "episode_reward": {
        "mean": -110940.55580000025,
        "std": 129881.09873981477
    },
    "coverage_ratio": {
        "mean": 0.9361904761904762,
        "std": 0.11170092884872951
    },
    "revisit_ratio": {
        "mean": 0.5047803449322803,
        "std": 0.19536619003581357
    },
    "redundancy_ratio": {
        "mean": 2.2071827797670496,
        "std": 0.8160566070556312
    }
}