{
    "raw_metrics": {
        "episode_rewards": [
            -448863.16999999504,
            -448859.95000000217,
            -448863.95000000217,
            -448863.95000000217,
            -49775.01999999262,
            -448863.95000000217,
            -448863.95000000217,
            -448845.95000000217,
            -448863.95000000217,
            -448855.95000000217,
            -448863.95000000217,
            -448853.95000000217,
            -448853.95000000217,
            -448857.95000000217,
            -448863.95000000217,
            -448857.95000000217,
            -448859.95000000217,
            -448863.95000000217,
            -448861.95000000217,
            -448859.95000000217
        ],
        "episode_lengths": [
            3000,
            3000,
            3000,
            3000,
            3000,
            3000,
            3000,
            3000,
            3000,
            3000,
            3000,
            3000,
            3000,
            3000,
            3000,
            3000,
            3000,
            3000,
            3000,
            3000
        ],
        "coverage_ratio": [
            0.02040816326530612,
            0.024390243902439025,
            0.024390243902439025,
            0.024390243902439025,
            0.13793103448275862,
            0.030303030303030304,
            0.014492753623188406,
            0.030303030303030304,
            0.01639344262295082,
            0.022222222222222223,
            0.012345679012345678,
            0.01639344262295082,
            0.024390243902439025,
            0.034482758620689655,
            0.02040816326530612,
            0.02702702702702703,
            0.034482758620689655,
            0.022222222222222223,
            0.024390243902439025,
            0.030303030303030304
        ],
        "path_efficiency": [
            0.0035056967572304996,
            0.0035087719298245615,
            0.0035026269702276708,
            0.0035056967572304996,
            0.04649122807017544,
            0.0035056967572304996,
            0.0035026269702276708,
            0.0035056967572304996,
            0.003511852502194908,
            0.003511852502194908,
            0.0035056967572304996,
            0.0035056967572304996,
            0.0035056967572304996,
            0.0035056967572304996,
            0.0035056967572304996,
            0.0035087719298245615,
            0.0035056967572304996,
            0.0035026269702276708,
            0.0035087719298245615,
            0.0035087719298245615
        ],
        "revisit_ratio": [
            0.0,
            0.0,
            0.0,
            0.0,
            0.8867924528301887,
            0.0,
            0.0,
            0.0,
            0.0,
            0.0,
            0.0,
            0.0,
            0.0,
            0.0,
            0.0,
            0.0,
            0.0,
            0.0,
            0.0,
            0.0
        ],
        "cleaning_time": []
    },
    "summary_statistics": {
        "episode_rewards": {
            "mean": -428905.84375,
            "std": 86978.578125
        },
        "episode_lengths": {
            "mean": 3000.0,
            "std": 0.0
        },
        "coverage_ratio": {
            "mean": 0.02958349511027336,
            "std": 0.025573141872882843
        },
        "path_efficiency": {
            "mean": 0.005655743181705475,
            "std": 0.009368302300572395
        },
        "revisit_ratio": {
            "mean": 0.0443396233022213,
            "std": 0.1932719498872757
        },
        "cleaning_time": {
            "mean": 0.0,
            "std": 0.0
        }
    }
}