{
    "raw_metrics": {
        "episode_rewards": [
            -450061.00000000215,
            -450061.00000000215,
            -450061.00000000215,
            -450060.50000000215,
            -450061.00000000215,
            -450061.00000000215,
            -450061.00000000215,
            -450061.00000000215,
            -450061.00000000215,
            -450060.50000000215,
            -450060.50000000215,
            -450061.00000000215,
            -450061.00000000215,
            -450061.00000000215,
            -450060.50000000215,
            -450061.00000000215,
            -450061.00000000215,
            -450060.50000000215,
            -450061.00000000215,
            -450061.00000000215
        ],
        "episode_lengths": [
            3000,
            3000,
            3000,
            3000,
            3000,
            3000,
            3000,
            3000,
            3000,
            3000,
            3000,
            3000,
            3000,
            3000,
            3000,
            3000,
            3000,
            3000,
            3000,
            3000
        ],
        "coverage_ratio": [
            0.0026954177897574125,
            0.0026954177897574125,
            0.002688172043010753,
            0.0026954177897574125,
            0.0026954177897574125,
            0.0026954177897574125,
            0.0026954177897574125,
            0.0026954177897574125,
            0.0026954177897574125,
            0.002702702702702703,
            0.0027100271002710027,
            0.002702702702702703,
            0.002702702702702703,
            0.0026954177897574125,
            0.002702702702702703,
            0.0026954177897574125,
            0.002688172043010753,
            0.0026954177897574125,
            0.0026954177897574125,
            0.002688172043010753
        ],
        "path_efficiency": [
            0.0026954177897574125,
            0.0026954177897574125,
            0.002688172043010753,
            0.0026954177897574125,
            0.0026954177897574125,
            0.0026954177897574125,
            0.0026954177897574125,
            0.0026954177897574125,
            0.0026954177897574125,
            0.002702702702702703,
            0.0027100271002710027,
            0.002702702702702703,
            0.002702702702702703,
            0.0026954177897574125,
            0.002702702702702703,
            0.0026954177897574125,
            0.002688172043010753,
            0.0026954177897574125,
            0.0026954177897574125,
            0.002688172043010753
        ],
        "revisit_ratio": [
            0.0,
            0.0,
            0.0,
            0.0,
            0.0,
            0.0,
            0.0,
            0.0,
            0.0,
            0.0,
            0.0,
            0.0,
            0.0,
            0.0,
            0.0,
            0.0,
            0.0,
            0.0,
            0.0,
            0.0
        ],
        "cleaning_time": []
    },
    "summary_statistics": {
        "episode_rewards": {
            "mean": -450060.84375,
            "std": 0.21875
        },
        "episode_lengths": {
            "mean": 3000.0,
            "std": 0.0
        },
        "coverage_ratio": {
            "mean": 0.0026965185534209013,
            "std": 5.286751729727257e-06
        },
        "path_efficiency": {
            "mean": 0.0026965185534209013,
            "std": 5.286751729727257e-06
        },
        "revisit_ratio": {
            "mean": 0.0,
            "std": 0.0
        },
        "cleaning_time": {
            "mean": 0.0,
            "std": 0.0
        }
    }
}