{
    "raw_metrics": {
        "episode_rewards": [
            -109.9526138305664,
            -54.56906509399414,
            -53.44255447387695,
            -53.06595230102539,
            -52.88201904296875,
            -52.77413558959961,
            -52.70345687866211,
            -52.65378189086914,
            -52.61704635620117,
            -52.588741302490234,
            -52.566314697265625,
            -52.548095703125,
            -52.53296661376953,
            -52.520301818847656,
            -52.509586334228516,
            -52.500244140625,
            -52.49205780029297,
            -52.48500442504883,
            -52.478668212890625,
            -52.47294235229492
        ],
        "episode_lengths": [
            3000.0,
            3000.0,
            3000.0,
            3000.0,
            3000.0,
            3000.0,
            3000.0,
            3000.0,
            3000.0,
            3000.0,
            3000.0,
            3000.0,
            3000.0,
            3000.0,
            3000.0,
            3000.0,
            3000.0,
            3000.0,
            3000.0,
            3000.0
        ],
        "coverage_ratio": [
            0.02425876010781671,
            0.02425876010781671,
            0.02425876010781671,
            0.02425876010781671,
            0.02425876010781671,
            0.024324324324324326,
            0.024324324324324326,
            0.02425876010781671,
            0.02425876010781671,
            0.02425876010781671,
            0.024193548387096774,
            0.024324324324324326,
            0.02425876010781671,
            0.024324324324324326,
            0.024324324324324326,
            0.02425876010781671,
            0.024193548387096774,
            0.024390243902439025,
            0.02425876010781671,
            0.02425876010781671
        ],
        "path_efficiency": [
            0.02425876010781671,
            0.02425876010781671,
            0.02425876010781671,
            0.02425876010781671,
            0.02425876010781671,
            0.024324324324324326,
            0.024324324324324326,
            0.02425876010781671,
            0.02425876010781671,
            0.02425876010781671,
            0.024193548387096774,
            0.024324324324324326,
            0.02425876010781671,
            0.024324324324324326,
            0.024324324324324326,
            0.02425876010781671,
            0.024193548387096774,
            0.024390243902439025,
            0.02425876010781671,
            0.02425876010781671
        ],
        "revisit_ratio": [
            0.0,
            0.0,
            0.0,
            0.0,
            0.0,
            0.0,
            0.0,
            0.0,
            0.0,
            0.0,
            0.0,
            0.0,
            0.0,
            0.0,
            0.0,
            0.0,
            0.0,
            0.0,
            0.0,
            0.0
        ],
        "cleaning_time": []
    },
    "summary_statistics": {
        "cleaning_time": {
            "mean": 0.0,
            "std": 0.0
        }
    }
}