{
    "raw_metrics": {
        "episode_rewards": [
            -94.02442169189453,
            -52.79148864746094,
            -51.67246627807617,
            -51.29587936401367,
            -51.11112976074219,
            -51.00236129760742,
            -50.931087493896484,
            -50.88079833984375,
            -50.84356689453125,
            -50.8149299621582,
            -50.792179107666016,
            -50.773582458496094,
            -50.758358001708984,
            -50.7454833984375,
            -50.73446273803711,
            -50.7249870300293,
            -50.716575622558594,
            -50.70933151245117,
            -50.702816009521484,
            -50.697265625
        ],
        "episode_lengths": [
            3000.0,
            3000.0,
            3000.0,
            3000.0,
            3000.0,
            3000.0,
            3000.0,
            3000.0,
            3000.0,
            3000.0,
            3000.0,
            3000.0,
            3000.0,
            3000.0,
            3000.0,
            3000.0,
            3000.0,
            3000.0,
            3000.0,
            3000.0
        ],
        "coverage_ratio": [
            0.145,
            0.145,
            0.145,
            0.145,
            0.145,
            0.145,
            0.145,
            0.145,
            0.145,
            0.145,
            0.145,
            0.145,
            0.145,
            0.145,
            0.145,
            0.145,
            0.145,
            0.145,
            0.145,
            0.145
        ],
        "path_efficiency": [
            0.145,
            0.145,
            0.145,
            0.145,
            0.145,
            0.145,
            0.145,
            0.145,
            0.145,
            0.145,
            0.145,
            0.145,
            0.145,
            0.145,
            0.145,
            0.145,
            0.145,
            0.145,
            0.145,
            0.145
        ],
        "revisit_ratio": [
            0.0,
            0.0,
            0.0,
            0.0,
            0.0,
            0.0,
            0.0,
            0.0,
            0.0,
            0.0,
            0.0,
            0.0,
            0.0,
            0.0,
            0.0,
            0.0,
            0.0,
            0.0,
            0.0,
            0.0
        ],
        "cleaning_time": []
    },
    "summary_statistics": {
        "cleaning_time": {
            "mean": 0.0,
            "std": 0.0
        }
    }
}