{
    "raw_metrics": {
        "episode_rewards": [
            -448412.4399999699,
            -450808.2599999806,
            -446473.9000000021,
            -446620.5299999735,
            -448704.5199999771,
            -446009.98999996996,
            -450810.60000000213,
            -443781.8299999914,
            -448716.7899999878,
            -446614.7599999806,
            -450060.00000000215,
            -450057.55000000214,
            -443497.30999999854,
            -444962.0299999914,
            -450061.55000000214,
            -446327.9999999842,
            -445126.35999996273,
            -442602.51999999495,
            -450053.50000000215,
            -450061.00000000215
        ],
        "episode_lengths": [
            3000,
            3000,
            3000,
            3000,
            3000,
            3000,
            3000,
            3000,
            3000,
            3000,
            3000,
            3000,
            3000,
            3000,
            3000,
            3000,
            3000,
            3000,
            3000,
            3000
        ],
        "coverage_ratio": [
            0.0410958904109589,
            0.0136986301369863,
            0.01639344262295082,
            0.0297029702970297,
            0.0449438202247191,
            0.08695652173913043,
            0.011764705882352941,
            0.0898876404494382,
            0.011764705882352941,
            0.07526881720430108,
            0.011764705882352941,
            0.012987012987012988,
            0.053763440860215055,
            0.10526315789473684,
            0.01639344262295082,
            0.012987012987012988,
            0.06493506493506493,
            0.07407407407407407,
            0.01639344262295082,
            0.012345679012345678
        ],
        "path_efficiency": [
            0.026881720430107527,
            0.02425876010781671,
            0.01881720430107527,
            0.04594594594594595,
            0.02425876010781671,
            0.04594594594594595,
            0.02425876010781671,
            0.02972972972972973,
            0.02702702702702703,
            0.04594594594594595,
            0.002688172043010753,
            0.005405405405405406,
            0.024193548387096774,
            0.029649595687331536,
            0.005376344086021506,
            0.04582210242587601,
            0.056451612903225805,
            0.029649595687331536,
            0.0026954177897574125,
            0.0026954177897574125
        ],
        "revisit_ratio": [
            0.0,
            0.0,
            0.0,
            0.0,
            0.0,
            0.0,
            0.0,
            0.0,
            0.0,
            0.0,
            0.0,
            0.0,
            0.0,
            0.0,
            0.0,
            0.0,
            0.0,
            0.0,
            0.0,
            0.0
        ],
        "cleaning_time": []
    },
    "summary_statistics": {
        "episode_rewards": {
            "mean": -447488.15625,
            "std": 2554.521728515625
        },
        "episode_lengths": {
            "mean": 3000.0,
            "std": 0.0
        },
        "coverage_ratio": {
            "mean": 0.04011920839548111,
            "std": 0.031048279255628586
        },
        "path_efficiency": {
            "mean": 0.025884855538606644,
            "std": 0.01596704311668873
        },
        "revisit_ratio": {
            "mean": 0.0,
            "std": 0.0
        },
        "cleaning_time": {
            "mean": 0.0,
            "std": 0.0
        }
    }
}