{
    "raw_metrics": {
        "episode_rewards": [
            -449911.00000000215,
            -449911.00000000215,
            -449911.00000000215,
            -449911.00000000215,
            -449911.00000000215,
            -449911.00000000215,
            -449911.00000000215,
            -449911.00000000215,
            -449911.00000000215,
            -449911.00000000215,
            -449911.00000000215,
            -449911.00000000215,
            -449911.00000000215,
            -449911.00000000215,
            -449911.00000000215,
            -449911.00000000215,
            -449911.00000000215,
            -449911.00000000215,
            -449911.00000000215,
            -449911.00000000215
        ],
        "episode_lengths": [
            3000.0,
            3000.0,
            3000.0,
            3000.0,
            3000.0,
            3000.0,
            3000.0,
            3000.0,
            3000.0,
            3000.0,
            3000.0,
            3000.0,
            3000.0,
            3000.0,
            3000.0,
            3000.0,
            3000.0,
            3000.0,
            3000.0,
            3000.0
        ],
        "coverage_ratio": [
            0.0025,
            0.0025,
            0.0025,
            0.0025,
            0.0025,
            0.0025,
            0.0025,
            0.0025,
            0.0025,
            0.0025,
            0.0025,
            0.0025,
            0.0025,
            0.0025,
            0.0025,
            0.0025,
            0.0025,
            0.0025,
            0.0025,
            0.0025
        ],
        "path_efficiency": [
            0.0025,
            0.0025,
            0.0025,
            0.0025,
            0.0025,
            0.0025,
            0.0025,
            0.0025,
            0.0025,
            0.0025,
            0.0025,
            0.0025,
            0.0025,
            0.0025,
            0.0025,
            0.0025,
            0.0025,
            0.0025,
            0.0025,
            0.0025
        ],
        "revisit_ratio": [
            0.0,
            0.0,
            0.0,
            0.0,
            0.0,
            0.0,
            0.0,
            0.0,
            0.0,
            0.0,
            0.0,
            0.0,
            0.0,
            0.0,
            0.0,
            0.0,
            0.0,
            0.0,
            0.0,
            0.0
        ],
        "cleaning_time": []
    },
    "summary_statistics": {
        "cleaning_time": {
            "mean": 0.0,
            "std": 0.0
        }
    }
}