{
    "episode_length": 99,
    "episode_reward": -0.15200000000000002,
    "coverage_ratio": 0.022222222222222223,
    "revisit_ratio": 0.13333333333333333,
    "redundancy_ratio": 0.08108108108108109
}