{
    "coverage_rate": {
        "mean": 0.9622954822954822,
        "std": 0.03759013631016629
    },
    "redundancy_rate": {
        "mean": 24.82335624425512,
        "std": 5.104955356784249
    },
    "revisit_ratio": {
        "mean": 2.624373275903458,
        "std": 0.7416805918911646
    },
    "episode_length": {
        "mean": 2233.8,
        "std": 462.98915754043315
    },
    "episode_reward": {
        "mean": 3476.079385143127,
        "std": 5978.999324154006
    },
    "base_env_reward": {
        "mean": 2882.795599999975,
        "std": 5994.054499784175
    },
    "new_tile_bonus": {
        "mean": 25.680000000000042,
        "std": 0.9785703858180077
    },
    "new_obs_bonus": {
        "mean": 1.0,
        "std": 0.06324555320336754
    },
    "facing_bonus": {
        "mean": 99.86999999999827,
        "std": 22.31946683951043
    },
    "spin_penalty": {
        "mean": -134.87999999999664,
        "std": 35.35157139364329
    },
    "stuck_penalty": {
        "mean": -359.2800000000079,
        "std": 77.79563998065997
    },
    "escape_bonus": {
        "mean": 4.599599026662591,
        "std": 0.3467441974603787
    },
    "wall_face_penalty": {
        "mean": -7.689999999999991,
        "std": 1.7548219282878836
    },
    "rotate_when_blocked": {
        "mean": 42.62000000000034,
        "std": 11.33532531513779
    },
    "spin_without_move_penalty": {
        "mean": -73.85999999999964,
        "std": 28.5712162849254
    }
}