{
    "coverage_rate": {
        "mean": 0.33460043078020607,
        "std": 0.330353680367443
    },
    "redundancy_rate": {
        "mean": 4.672826549231043,
        "std": 5.735797794706068
    },
    "revisit_ratio": {
        "mean": 114.07156595702754,
        "std": 70.28758895830538
    },
    "episode_length": {
        "mean": 416.8,
        "std": 509.5952904020994
    },
    "episode_reward": {
        "mean": 102.55299999999991,
        "std": 225.75405196540768
    },
    "base_env_reward": {
        "mean": -39.73699999999993,
        "std": 20.93648248393227
    },
    "new_tile_bonus": {
        "mean": 0.0,
        "std": 0.0
    },
    "new_obs_bonus": {
        "mean": 0.58,
        "std": 0.41182520563947994
    },
    "frontier_bonus": {
        "mean": 208.4,
        "std": 254.7976452010497
    },
    "facing_bonus": {
        "mean": 12.269999999999847,
        "std": 22.33762744787338
    },
    "spin_penalty": {
        "mean": -13.02000000000012,
        "std": 25.790261728024635
    },
    "stuck_penalty": {
        "mean": -70.62000000000037,
        "std": 65.34592259659435
    },
    "escape_bonus": {
        "mean": 4.319999999999992,
        "std": 7.750716095948796
    },
    "wall_face_penalty": {
        "mean": -5.799999999999987,
        "std": 1.00548495761995
    },
    "rotate_when_blocked": {
        "mean": 6.160000000000028,
        "std": 11.37797873086434
    }
}