{
    "episode_length": {
        "mean": 100.0,
        "std": 0.0
    },
    "episode_reward": {
        "mean": -183.7459999996423,
        "std": 78.03977539751307
    },
    "coverage_ratio": {
        "mean": 0.04136051274376108,
        "std": 0.04298721974034718
    },
    "revisit_ratio": {
        "mean": 0.12563630612543655,
        "std": 0.11437162458168665
    },
    "redundancy_ratio": {
        "mean": 0.05291105121293801,
        "std": 0.018184433417368057
    }
}