{
    "raw_metrics": {
        "episode_rewards": [
            -103.89949798583984,
            -53.15935134887695,
            -52.038265228271484,
            -51.661529541015625,
            -51.47673797607422,
            -51.36808395385742,
            -51.296958923339844,
            -51.246742248535156,
            -51.20957565307617,
            -51.18101119995117,
            -51.15830612182617,
            -51.139835357666016,
            -51.12451934814453,
            -51.11171340942383,
            -51.10065841674805,
            -51.0911865234375,
            -51.083030700683594,
            -51.075801849365234,
            -51.06935119628906,
            -51.06350326538086
        ],
        "episode_lengths": [
            3000.0,
            3000.0,
            3000.0,
            3000.0,
            3000.0,
            3000.0,
            3000.0,
            3000.0,
            3000.0,
            3000.0,
            3000.0,
            3000.0,
            3000.0,
            3000.0,
            3000.0,
            3000.0,
            3000.0,
            3000.0,
            3000.0,
            3000.0
        ],
        "coverage_ratio": [
            0.0625,
            0.0625,
            0.0625,
            0.0625,
            0.0625,
            0.0625,
            0.0625,
            0.0625,
            0.0625,
            0.0625,
            0.0625,
            0.0625,
            0.0625,
            0.0625,
            0.0625,
            0.0625,
            0.0625,
            0.0625,
            0.0625,
            0.0625
        ],
        "path_efficiency": [
            0.0625,
            0.0625,
            0.0625,
            0.0625,
            0.0625,
            0.0625,
            0.0625,
            0.0625,
            0.0625,
            0.0625,
            0.0625,
            0.0625,
            0.0625,
            0.0625,
            0.0625,
            0.0625,
            0.0625,
            0.0625,
            0.0625,
            0.0625
        ],
        "revisit_ratio": [
            0.0,
            0.0,
            0.0,
            0.0,
            0.0,
            0.0,
            0.0,
            0.0,
            0.0,
            0.0,
            0.0,
            0.0,
            0.0,
            0.0,
            0.0,
            0.0,
            0.0,
            0.0,
            0.0,
            0.0
        ],
        "cleaning_time": []
    },
    "summary_statistics": {
        "cleaning_time": {
            "mean": 0.0,
            "std": 0.0
        }
    }
}