{
    "coverage_rate": {
        "mean": 0.2626639777201575,
        "std": 0.16543152854175014
    },
    "redundancy_rate": {
        "mean": 3.6080444773703197,
        "std": 1.7583543512429793
    },
    "revisit_ratio": {
        "mean": 90.52368254324777,
        "std": 66.83584000200055
    },
    "episode_length": {
        "mean": 324.1,
        "std": 158.56951157142407
    },
    "episode_reward": {
        "mean": -20.568180173686574,
        "std": 30.212192774003483
    },
    "base_env_reward": {
        "mean": -46.65690000000004,
        "std": 30.638991779920058
    },
    "new_tile_bonus": {
        "mean": 6.810000000000002,
        "std": 4.490089085975915
    },
    "new_obs_bonus": {
        "mean": 4.97,
        "std": 3.06171520556697
    },
    "facing_bonus": {
        "mean": 17.114999999999956,
        "std": 15.911097542281556
    },
    "spin_penalty": {
        "mean": -14.370000000000053,
        "std": 12.96140810251732
    },
    "stuck_penalty": {
        "mean": -79.67999999999974,
        "std": 36.910291247834834
    },
    "escape_bonus": {
        "mean": 0.5557365059580702,
        "std": 0.4773921984154314
    },
    "wall_face_penalty": {
        "mean": -6.2249999999999925,
        "std": 2.4381601670111857
    },
    "rotate_when_blocked": {
        "mean": 1.9699999999999975,
        "std": 3.4111728188410435
    },
    "spin_without_move_penalty": {
        "mean": -34.49999999999988,
        "std": 31.505713767505586
    }
}