{
    "raw_metrics": {
        "episode_rewards": [
            -444985.1399999699,
            -444984.6500000021,
            -444988.6500000021,
            -444988.6500000021,
            -444075.71999999497,
            -444988.6500000021,
            -444988.6500000021,
            -441990.66999997705,
            -444988.6500000021,
            -444980.6500000021,
            -444988.6500000021,
            -444978.6500000021,
            -444978.6500000021,
            -444982.6500000021,
            -444988.6500000021,
            -444982.6500000021,
            -444984.6500000021,
            -444988.6500000021,
            -444986.6500000021,
            -444984.6500000021
        ],
        "episode_lengths": [
            3000,
            3000,
            3000,
            3000,
            3000,
            3000,
            3000,
            3000,
            3000,
            3000,
            3000,
            3000,
            3000,
            3000,
            3000,
            3000,
            3000,
            3000,
            3000,
            3000
        ],
        "coverage_ratio": [
            0.02040816326530612,
            0.024390243902439025,
            0.024390243902439025,
            0.024390243902439025,
            0.1724137931034483,
            0.030303030303030304,
            0.014492753623188406,
            0.09090909090909091,
            0.01639344262295082,
            0.022222222222222223,
            0.012345679012345678,
            0.01639344262295082,
            0.024390243902439025,
            0.034482758620689655,
            0.02040816326530612,
            0.02702702702702703,
            0.034482758620689655,
            0.022222222222222223,
            0.024390243902439025,
            0.030303030303030304
        ],
        "path_efficiency": [
            0.008764241893076249,
            0.008771929824561403,
            0.008756567425569177,
            0.008764241893076249,
            0.011403508771929825,
            0.008764241893076249,
            0.008756567425569177,
            0.014899211218229623,
            0.00877963125548727,
            0.00877963125548727,
            0.008764241893076249,
            0.008764241893076249,
            0.008764241893076249,
            0.008764241893076249,
            0.008764241893076249,
            0.008771929824561403,
            0.008764241893076249,
            0.008756567425569177,
            0.008771929824561403,
            0.008771929824561403
        ],
        "revisit_ratio": [
            0.0,
            0.0,
            0.0,
            0.0,
            0.07692307692307693,
            0.0,
            0.0,
            0.0,
            0.0,
            0.0,
            0.0,
            0.0,
            0.0,
            0.0,
            0.0,
            0.0,
            0.0,
            0.0,
            0.0,
            0.0
        ],
        "cleaning_time": []
    },
    "summary_statistics": {
        "episode_rewards": {
            "mean": -444790.25,
            "std": 672.1019897460938
        },
        "episode_lengths": {
            "mean": 3000.0,
            "std": 0.0
        },
        "coverage_ratio": {
            "mean": 0.03433793783187866,
            "std": 0.035390134900808334
        },
        "path_efficiency": {
            "mean": 0.009204878471791744,
            "std": 0.0014269063249230385
        },
        "revisit_ratio": {
            "mean": 0.0038461540825664997,
            "std": 0.01676499843597412
        },
        "cleaning_time": {
            "mean": 0.0,
            "std": 0.0
        }
    }
}