{
    "episode_length": {
        "mean": 3000.0,
        "std": 0.0
    },
    "episode_reward": {
        "mean": -4882.5434000000205,
        "std": 787.09734990753
    },
    "coverage_ratio": {
        "mean": 0.5274241286603532,
        "std": 0.14415890187306846
    },
    "revisit_ratio": {
        "mean": 0.6289929383077532,
        "std": 0.04444308219654057
    },
    "redundancy_ratio": {
        "mean": 1.443032489928412,
        "std": 0.3448556588446561
    }
}