{
  "episode": 4,
  "steps": 197,
  "total_reward": -69.52499999999993,
  "action_distribution": {
    "forward": 0.8730964467005076,
    "left": 0.08629441624365482,
    "right": 0.04060913705583756
  },
  "coverage_ratio": 0.1075,
  "path_efficiency": 0.495,
  "revisit_ratio": 460.55555555555554
}