{
  "episode": 1,
  "steps": 3000,
  "total_reward": -405.5749999999947,
  "action_distribution": {
    "forward": 0.446,
    "left": 0.344,
    "right": 0.21
  },
  "coverage_ratio": 0.8,
  "path_efficiency": 7.5025,
  "revisit_ratio": 7.691102965678107
}