{
    "learning_rate": 7.388636736679546e-05,
    "ent_coef": 0.0009121188374953426,
    "n_steps": 256,
    "gamma": 0.9083247096472379
}