{
    "coverage_rate": {
        "mean": 0.8160000000000001,
        "std": 0.10259873293564593
    },
    "redundancy_rate": {
        "mean": 4.661,
        "std": 2.4008131955652026
    },
    "revisit_ratio": {
        "mean": 18.327470014490622,
        "std": 16.725331242192492
    },
    "episode_length": {
        "mean": 1863.4,
        "std": 960.3252782260811
    },
    "episode_reward": {
        "mean": 1174.8394426969892,
        "std": 289.2129786262297
    },
    "base_env_reward": {
        "mean": 229.46019999998884,
        "std": 21.944296629416375
    },
    "new_tile_bonus": {
        "mean": 162.7,
        "std": 20.51974658712919
    },
    "new_obs_bonus": {
        "mean": 78.6800000000002,
        "std": 0.7756287771865846
    },
    "frontier_bonus": {
        "mean": 1144.6,
        "std": 424.08753813334346
    },
    "facing_bonus": {
        "mean": 37.12000000000007,
        "std": 32.863742939598495
    },
    "step_into_dirty_bonus": {
        "mean": 162.7,
        "std": 20.51974658712919
    },
    "stuck_penalty": {
        "mean": -387.57726666666656,
        "std": 166.83412216455523
    },
    "escape_bonus": {
        "mean": 2.841176030278194,
        "std": 0.6766095563270753
    },
    "wall_face_penalty": {
        "mean": -9.979999999999979,
        "std": 5.767980582491573
    },
    "rotate_when_blocked": {
        "mean": 1.4800000000000002,
        "std": 0.5635601121442151
    },
    "spin_without_move_penalty": {
        "mean": -247.1846666666666,
        "std": 214.69158806799
    }
}