{
  "episode": 2,
  "steps": 1156,
  "total_reward": -301.4,
  "action_distribution": {
    "forward": 0.2750865051903114,
    "left": 0.5207612456747405,
    "right": 0.2041522491349481
  },
  "coverage_ratio": 0.25405405405405407,
  "path_efficiency": 3.127027027027027,
  "revisit_ratio": 68.36041486603284
}