{
    "episode_length": {
        "mean": 3000.0,
        "std": 0.0
    },
    "episode_reward": {
        "mean": -16758.58500000006,
        "std": 15495.065399845005
    },
    "coverage_ratio": {
        "mean": 0.8815898186683334,
        "std": 0.10794081525058674
    },
    "revisit_ratio": {
        "mean": 0.5688950531287956,
        "std": 0.06951604439777992
    },
    "redundancy_ratio": {
        "mean": 2.1235257803669247,
        "std": 0.4914603165841758
    }
}