{
    "coverage_rate": {
        "mean": 0.5726099244076772,
        "std": 0.1527137632430982
    },
    "redundancy_rate": {
        "mean": 6.053417705889617,
        "std": 2.4630226702568105
    },
    "revisit_ratio": {
        "mean": 30.609101919098606,
        "std": 19.598138022050975
    },
    "episode_length": {
        "mean": 544.9,
        "std": 225.53245886124685
    },
    "episode_reward": {
        "mean": 80.65269144341906,
        "std": 53.969295328136184
    },
    "base_env_reward": {
        "mean": -48.855700000000006,
        "std": 43.853154969853954
    },
    "new_tile_bonus": {
        "mean": 15.180000000000016,
        "std": 4.204711642907286
    },
    "new_obs_bonus": {
        "mean": 8.619999999999997,
        "std": 1.0057832768544117
    },
    "frontier_bonus": {
        "mean": 225.7,
        "std": 86.58065603817056
    },
    "facing_bonus": {
        "mean": 15.9,
        "std": 8.050776360078572
    },
    "step_into_dirty_bonus": {
        "mean": 0.0,
        "std": 0.0
    },
    "stuck_penalty": {
        "mean": -92.84999999999991,
        "std": 47.11323062580267
    },
    "escape_bonus": {
        "mean": 0.8103914434187633,
        "std": 0.22958917338566528
    },
    "wall_face_penalty": {
        "mean": -4.081999999999985,
        "std": 2.1606934072190507
    },
    "rotate_when_blocked": {
        "mean": 1.8400000000000003,
        "std": 1.164645868923254
    },
    "spin_without_move_penalty": {
        "mean": -41.609999999999886,
        "std": 24.271483267406506
    }
}