{
    "episode_length": {
        "mean": 3000.0,
        "std": 0.0
    },
    "episode_reward": {
        "mean": -3929.2013999999594,
        "std": 2436.330354574703
    },
    "coverage_ratio": {
        "mean": 0.5434067769786702,
        "std": 0.10408950910882754
    },
    "revisit_ratio": {
        "mean": 0.4819596928719019,
        "std": 0.03798743136010755
    },
    "redundancy_ratio": {
        "mean": 1.1203152364273203,
        "std": 0.12740441494306698
    }
}