{
    "coverage_rate": {
        "mean": 0.6685000000000001,
        "std": 0.1216408648440153
    },
    "redundancy_rate": {
        "mean": 6.359500000000001,
        "std": 1.6752562490556484
    },
    "revisit_ratio": {
        "mean": 17.804969288976924,
        "std": 14.00838303371162
    },
    "episode_length": {
        "mean": 2542.8,
        "std": 670.1024996222593
    },
    "episode_reward": {
        "mean": 111.1809999999936,
        "std": 26.192914171581126
    }
}