{
    "coverage_rate": {
        "mean": 0.23769745872171746,
        "std": 0.25573700493679685
    },
    "redundancy_rate": {
        "mean": 1.6251146909254666,
        "std": 1.171318586981941
    },
    "revisit_ratio": {
        "mean": 222.06342557125163,
        "std": 148.10198271938063
    },
    "episode_length": {
        "mean": 602.8,
        "std": 435.8923720369513
    },
    "episode_reward": {
        "mean": -1572.4043999999985,
        "std": 554.4306862797541
    },
    "new_tile_bonus": {
        "mean": 0.0,
        "std": 0.0
    },
    "time_penalty": {
        "mean": -0.602799999999991,
        "std": 0.43589237203693365
    },
    "stay_penalty": {
        "mean": -1459.8999999999992,
        "std": 534.4138546108243
    }
}