{
    "raw_metrics": {
        "episode_rewards": [
            -441503.95999992697,
            -447952.70000000217,
            -443603.0000000021,
            -447952.70000000217,
            -445253.6500000021,
            -447952.70000000217,
            -443603.0000000021,
            -443603.0000000021,
            -443603.0000000021,
            -447952.70000000217,
            -440313.00999996276,
            -447952.70000000217,
            -447952.70000000217,
            -447952.70000000217,
            -443603.0000000021,
            -440317.3000000021,
            -440317.3000000021,
            -443603.0000000021,
            -411311.8499997158,
            -430538.8499999484
        ],
        "episode_lengths": [
            3000,
            3000,
            3000,
            3000,
            3000,
            3000,
            3000,
            3000,
            3000,
            3000,
            3000,
            3000,
            3000,
            3000,
            3000,
            3000,
            3000,
            3000,
            3000,
            3000
        ],
        "coverage_ratio": [
            0.08355795148247978,
            0.02425876010781671,
            0.06720430107526881,
            0.02425876010781671,
            0.0431266846361186,
            0.02425876010781671,
            0.0673854447439353,
            0.0673854447439353,
            0.0673854447439353,
            0.024324324324324326,
            0.0975609756097561,
            0.024324324324324326,
            0.024324324324324326,
            0.02425876010781671,
            0.06756756756756757,
            0.09703504043126684,
            0.0967741935483871,
            0.0673854447439353,
            0.29110512129380056,
            0.16666666666666666
        ],
        "path_efficiency": [
            0.08355795148247978,
            0.02425876010781671,
            0.06720430107526881,
            0.02425876010781671,
            0.0431266846361186,
            0.02425876010781671,
            0.0673854447439353,
            0.0673854447439353,
            0.0673854447439353,
            0.024324324324324326,
            0.0975609756097561,
            0.024324324324324326,
            0.024324324324324326,
            0.02425876010781671,
            0.06756756756756757,
            0.09703504043126684,
            0.0967741935483871,
            0.0673854447439353,
            0.3018867924528302,
            0.1693548387096774
        ],
        "revisit_ratio": [
            0.0,
            0.0,
            0.0,
            0.0,
            0.0,
            0.0,
            0.0,
            0.0,
            0.0,
            0.0,
            0.0,
            0.0,
            0.0,
            0.0,
            0.0,
            0.0,
            0.0,
            0.0,
            0.03571428571428571,
            0.015873015873015872
        ],
        "cleaning_time": []
    },
    "summary_statistics": {
        "episode_rewards": {
            "mean": -442342.15625,
            "std": 8226.7255859375
        },
        "episode_lengths": {
            "mean": 3000.0,
            "std": 0.0
        },
        "coverage_ratio": {
            "mean": 0.07250741869211197,
            "std": 0.06159888580441475
        },
        "path_efficiency": {
            "mean": 0.0731809064745903,
            "std": 0.06372706592082977
        },
        "revisit_ratio": {
            "mean": 0.0025793653912842274,
            "std": 0.008349851705133915
        },
        "cleaning_time": {
            "mean": 0.0,
            "std": 0.0
        }
    }
}