{
    "coverage_rate": {
        "mean": 0.4477522602241703,
        "std": 0.2313878715058932
    },
    "redundancy_rate": {
        "mean": 4.492647514782346,
        "std": 1.8079717294311173
    },
    "revisit_ratio": {
        "mean": 62.126462900846015,
        "std": 64.29078543801198
    },
    "episode_length": {
        "mean": 403.5,
        "std": 163.23495336477419
    },
    "episode_reward": {
        "mean": 6.9682999999999335,
        "std": 46.093100145358065
    },
    "base_env_reward": {
        "mean": -105.96669999999999,
        "std": 52.2528405640306
    },
    "new_tile_bonus": {
        "mean": 7.859999999999997,
        "std": 4.166581332459498
    },
    "new_obs_bonus": {
        "mean": 0.7999999999999998,
        "std": 0.3605551275463989
    },
    "frontier_bonus": {
        "mean": 201.75,
        "std": 81.61747668238709
    },
    "facing_bonus": {
        "mean": 7.410000000000004,
        "std": 4.439808554431155
    },
    "spin_penalty": {
        "mean": -2.1299999999999972,
        "std": 3.5462797407987923
    },
    "stuck_penalty": {
        "mean": -94.01999999999956,
        "std": 36.48725256853388
    },
    "escape_bonus": {
        "mean": 1.78,
        "std": 1.0332473082471592
    },
    "wall_face_penalty": {
        "mean": -13.625000000000071,
        "std": 5.69579889041043
    },
    "rotate_when_blocked": {
        "mean": 3.1099999999999977,
        "std": 3.329399345227295
    }
}